open,high,low,close,volume
50250.68365749268,50506.10257453654,50291.475552653166,50352.81046919353,71.6802193628416
50478.81497007265,50604.0389272764,50248.47191321922,50432.84191086698,1.2140297760557917
50622.856006227375,50633.2030135837,50601.480409466545,50628.58950768813,59.66702023597915
51083.63933271382,51172.605595551075,50963.123384823266,51076.76814752842,87.08919794868602
51382.003399320434,51458.36090685278,51276.44655874094,51450.27974555841,69.84084272619435
51267.90608695198,51325.21007318218,51184.11069515104,51254.82416958313,62.4343754739019
51509.15389862939,51521.92028315891,51441.80323994176,51444.84185308825,43.17911252873432
51497.30328591579,51462.654945515984,51338.070213690255,51414.57041142871,33.619551690675756
51392.065004076445,51464.28519653433,51307.16011926868,51393.92664106999,37.02955209441793
51412.531276418755,51568.96085623454,51250.421329676625,51476.046341457666,37.50264199817449
51512.01888627125,51541.97231095475,51460.49478172924,51504.85505568985,52.98836294296025
51755.94699635248,51894.69201203715,51728.70742902249,51795.70975708244,14.33300810670205
51951.520925889905,52012.28042965718,51932.70088311127,51947.91730211184,88.18819351339124
52009.37350569465,52041.14197207119,51778.19896569343,51972.2523054104,62.58755443056147
51999.74225478378,52088.489672320735,51951.97408521132,52061.02495195949,37.44362278290975
52238.02922277875,52188.121861036256,52027.56774708158,52127.759817434344,98.22121641145255
52453.10751322471,52497.46158960258,52408.886387460625,52426.57563206586,87.25275366252805
52377.13326043958,52427.825836780365,52276.74252517104,52385.5439793127,60.68161895353214
52496.59982675908,52759.843178802796,52422.835782937334,52448.15751964288,37.17488184535388
52261.85567062059,52341.78357512365,52167.51106600996,52277.33837178254,36.909385599884224
51719.73501517792,51958.11467570188,51582.78373001893,51766.740408615726,6.670672635107167
51905.63364495996,51963.820285362934,51876.32126634957,51897.464127703795,34.25209707870845
52086.39548305555,52085.75860731818,52047.38504314662,52070.3513674757,24.568422843321315
51942.08990271696,52041.27953146932,51903.2204219475,51921.918363394405,60.85511222654155
52409.072624194734,52385.68540931252,52325.491341575136,52375.86928819193,72.01634855615035
52090.81052595028,52173.65757927779,51893.96190311338,52084.99615327218,29.242481057170988
52114.96808103418,52108.88322319075,52038.769737289804,52094.14785673247,54.6147499418822
52067.242314454845,52162.69171622068,51997.96293999455,52056.7110867273,78.70796431637085
52232.67692838398,52365.89159138515,52237.4719353044,52363.26692959899,64.19038102711345
52697.993489367815,52668.57219956628,52571.27184376925,52657.13868357905,74.36613125071872
52676.643495997276,52762.48352026926,52644.509459184264,52688.12816871843,21.807968772265106
52756.996353431874,52784.79660930185,52606.6143675079,52763.76067263887,63.50498930200721
52485.438049698845,52586.79626369617,52478.47203497608,52586.20352311285,27.37843130912504
52239.22396903552,52326.65023630839,52108.93526180261,52190.04422946806,23.075058828242902
52122.45379360043,52275.97320280873,51897.308035730646,52120.461799602825,27.09372791536827
52187.23087355746,52213.0642160565,52141.631341693086,52151.731593423625,36.65255115246665
52385.194549783955,52426.38564471768,52339.052222914244,52397.789729569166,47.09404165379548
52587.763146616795,52787.95679867813,52505.77887217818,52638.26569932605,22.926144256922633
52598.15007288888,52679.112291577636,52476.73548803065,52560.80033584446,34.99634952917753
52511.69678396206,52572.22950228222,52474.229167573096,52500.33978572939,89.64967151136284
52248.50582922507,52412.23685079056,52211.185027885855,52290.62919271598,13.462690752126571
52006.767871978635,52020.69279561097,51941.663956628974,52006.62560528018,21.572405999137565
51662.505603783866,51739.73878462526,51601.943116116825,51665.371567155176,6.069269294271096
52095.084385138114,52071.42787135697,52046.026379954055,52055.526646201535,70.88811297512585
51878.020836472075,51977.60190278087,51785.27552914972,51953.5962098512,52.94107137711552
51887.44154526662,51875.997290338026,51831.57673572947,51865.98134952896,47.4320340696505
51629.496783949704,51662.93978810191,51544.706474455656,51615.422277518985,3.4415175744971216
51785.85287405552,51898.215723577356,51651.5788901713,51770.920348685366,96.13426655139372
51399.572634968536,51617.753905856924,51395.401926417275,51448.14077917377,84.40773646698968
51347.296015867774,51478.611076243935,51304.922330738744,51405.592723130976,82.0374108117662
51235.72469695386,51412.2477380517,51053.26667768392,51226.49941089225,87.52174755374764
51303.55065123314,51342.13972413645,51266.53869417907,51303.8799104641,77.7025160928433
51176.39146867328,51290.40931557871,51187.4678432423,51201.71888295032,13.943756737180891
50955.80330659226,51053.42282189909,50932.61820964959,50965.59244612584,97.14924309786865
50920.695201584545,50968.60125285887,50951.051788508456,50959.95600045811,93.37184729401594
50990.65983345953,51070.393012410874,50987.88274969032,51045.62237456419,69.6077111378973
51090.8337584619,51160.75375159751,50985.309271116326,51058.92581904083,29.2010676528076
51130.7107528548,51184.87721208854,51020.299643741535,51119.420198588785,0.11111083906129027
50995.150323502305,51013.27751919369,50980.038318682964,50992.55577985259,48.58617694137381
50944.55934066632,50978.3645393461,50912.69227533782,50920.007546655164,59.48034725372361
50897.814958102164,51078.42508127636,50771.12173366202,50785.51545709997,99.39813231625526
50753.53036832395,50735.890657102216,50618.83239301936,50713.604824791866,13.291503704971674
50591.44525414844,50648.57932091987,50411.05257591444,50550.97556838297,8.882009749279241
50193.69748104733,50361.412441167566,50183.10667528118,50205.71904791664,42.63184380032398
50219.31948741397,50374.19346250079,50097.31885988271,50241.20427636739,75.0956222267262
50145.73991774441,50196.39756658658,50080.71798729603,50160.848089125735,34.007032950834585
49820.967818472214,49954.551189296384,49834.47527513916,49834.80841973253,66.23602526909738
49972.98042325373,50076.004796184316,49917.67071507194,49927.36487083768,88.94383866008977
49819.08738421533,49786.92706723906,49736.31805295593,49745.90519796103,79.31619911033503
49716.23877746616,49894.512465959575,49716.75058072723,49756.29427712026,10.159585852402564
49975.9922350764,50050.79063696433,49896.788085342974,49902.11238955577,44.60753271430037
49829.894660561375,49932.186943695604,49850.5590134578,49927.90897170725,3.7992654423874894
50141.18919056705,50205.96908399667,50013.87055782654,50155.78910861591,16.86383244364401
49903.07880040096,49914.433891879264,49878.478751285715,49908.823944545176,77.071102651781
49969.82751338826,50043.13597281614,49837.47160226174,49989.29227278069,17.409313183698274
49875.422766626005,49900.664439770684,49740.35948206774,49852.33025459263,55.88140493097895
49642.06977661563,49690.535787345456,49582.78472858083,49678.17082475625,61.497848619674315
49569.069692258694,49612.89788994965,49477.43948960678,49562.400891803365,15.663633699489655
49541.987643964,49672.46001294462,49401.90041607316,49500.090385377895,91.48221625517493
49489.11925549455,49582.62507679493,49375.01568700827,49511.32345382384,5.850184743719177
49142.11481110543,49310.873447031234,49201.03362970092,49278.29348566717,91.92345914607333
49514.250039199964,49470.935735162326,49430.09623783235,49458.458783058006,11.379938716070237
49562.978993504796,49652.85858338096,49318.83086673399,49551.5912710041,90.08699833421088
49177.75688448584,49347.072221456205,48999.819784670784,49244.342533748655,36.789092695039336
49566.600263554385,49574.3286256558,49470.406479775425,49541.992972507775,78.98407898029338
49853.21850401381,50058.10992011861,49832.831123468284,49921.17080771389,39.42376352480047
50102.68808896933,50233.55948184218,50026.882736285814,50156.92672194582,73.31564830509036
50120.16095373235,50249.09288881977,50113.30784637549,50120.94175478335,85.23907553918943
49915.462643002014,50098.214200187525,49763.73554892324,49906.79123048124,52.54388785762143
50070.66737384063,50284.277183547245,49985.340717545085,50117.68157586747,40.21395670501976
50075.91939919469,50199.711142702996,49993.21056985616,50037.046186472835,39.46326401373311
50243.49037593106,50302.67902963387,50207.219952430445,50281.53520054932,5.659176286659251
50253.102565550435,50324.69070486783,50233.993437964906,50323.190196164694,1.481571707718976
50456.93533681391,50529.859166525704,50472.13072693858,50518.51800346143,74.35701342636418
50539.73337683467,50697.845695598866,50528.02519822284,50589.791282896316,41.53994834023529
50780.00849513803,50891.87357443902,50481.46421025872,50731.1059165347,15.109276843213792
50699.30811971943,50778.822281814384,50570.258398397964,50733.20592067887,87.15369970883695
51093.85322303202,51184.867039198834,51080.47554929099,51090.38001946003,63.77717255629628
51168.63048965828,51172.84129093892,51095.56324247495,51115.76243800076,47.45044483562736
51203.166358404604,51350.43994451901,51051.27772182273,51196.1603106897,35.698499325390976
51644.46521129621,51572.83218274222,51401.3739813577,51572.790450100954,34.47463263769534
51312.19269868253,51340.65414646954,51298.27448079467,51303.23863787246,37.14202807717052
51055.29376995605,51090.09681599908,50919.20209183706,51049.141638175315,88.65543358626195
51216.11121083216,51322.98032977397,51180.48543686865,51243.02097980692,37.860412741043156
50955.122394129925,51159.56023377252,50929.224370011805,51008.396298784086,1.9316431047833427
51467.186544323566,51567.76736064004,51338.826196463444,51397.12053591394,14.493369165586733
51380.7769262856,51384.5750769737,51159.12868565608,51314.39673976199,34.6208235956304
51267.22157186626,51172.23432067461,50953.890425051955,51164.90577747385,16.63522007531434
51507.56750210033,51595.68356430535,51473.611227867616,51549.49418276992,82.29814616061603
51879.94369372468,51908.24616337171,51774.60411694984,51845.5971410568,99.87316107537687
52247.20959292162,52390.192591396786,52203.9942299275,52219.10893314212,33.416302086294806
52402.53228032251,52541.759369070096,52268.00873399908,52400.317864797194,48.51863481415576
52228.30956591599,52234.43887666521,52135.29022036356,52228.07272778625,4.761816718142208
52575.87642236836,52768.07877137317,52419.42585013545,52610.08571840606,19.446411390135466
52664.49858817331,52839.68623120668,52453.2675547745,52556.485044215784,22.906050554377476
52726.844289105466,52825.318989401494,52699.24017504791,52716.976323375064,38.74829141486218
52968.05335025127,52919.488756529325,52741.3888773651,52906.42671692981,82.64166097250599
52790.83271643523,53015.493601755945,52621.57358570618,52875.424698311646,39.92102720217571
52971.676183022544,53063.40619328664,52897.23149432728,52998.24057238086,74.14286095348002
53165.08346471913,53233.16345232822,53174.11169749283,53182.68190669417,52.858988661878094
53149.36240784205,53388.28510909014,53084.580914893835,53257.96701292529,66.36492047133422
53045.39720038063,53050.94048649406,52874.02673429546,53038.086854808455,19.722377566761683
53052.92473964929,53111.97927652855,52983.198349683975,53097.734489649665,3.8811808464215947
53436.07173128002,53493.88802041093,53347.952158134794,53363.01166898707,24.66704612419851
53214.02749768582,53344.34562786124,53080.95377233114,53224.0980970408,10.123266475943327
53080.43838863485,53235.78115241684,53130.51251215163,53194.17118897526,70.26681875838543
53082.23993670648,53127.23123195103,53100.48419387555,53107.140478630936,56.92255212116643
53514.585974303925,53489.24635609213,53473.76022624998,53476.993224326805,79.36884473973376
53660.23197768498,53616.17994729892,53555.94481100463,53611.4521757293,40.259639351424106
53771.637860717674,53759.35894791338,53683.16593205462,53692.944542977515,26.049216540252484
53516.779454075986,53617.4300692314,53532.86282988746,53538.96132808845,86.10408554849603
53603.75858325949,53680.36923070513,53563.059499080926,53646.811166346815,56.553052484843825
53505.58932561826,53701.56285707865,53495.60279010773,53511.94463421534,47.28987971694043
53558.87807857963,53598.28935970879,53435.95519668334,53518.310745870214,89.13437490583553
53379.05050344259,53419.299073274444,53299.07830111695,53391.141530194436,34.78125633763645
53560.765329717135,53585.3668593816,53508.3519284855,53526.42818918374,40.8902201139031
53580.70961727653,53686.224488747444,53510.449519106805,53641.74635250672,25.74445783783976
53620.63005300013,53702.32583363533,53584.03893078589,53600.08660139112,13.27075194852194
53723.426396011804,53729.10910578207,53488.68047932484,53679.28794392345,57.0896078395051
53487.95706665337,53503.81707628782,53340.01348004211,53460.67564217735,92.1342132035472
53143.084116546765,53190.322284166534,53089.3822903202,53162.42412363623,64.8802308925227
53311.827027616666,53303.28584223663,53200.81318494638,53250.30246388914,66.38604235179918
53250.285697409,53357.57669321466,53283.316275120145,53283.63716296364,85.84238601306762
53424.20650684429,53448.239446939195,53380.400134642325,53410.64345034207,70.01210491473235
53883.181396745276,54124.49179246616,53813.33231069283,53887.272405314856,37.59404302777547
54082.66659551643,54214.34280366243,54024.88709441875,54076.16830271293,80.33251084614393
53780.40091571039,53904.84823322603,53797.0787058967,53893.603857624104,12.399737116362653
54125.482383611445,54206.79353256359,54069.33918950729,54117.00711524328,87.14689383438456
53811.56436186782,53883.33321147116,53716.7039837869,53853.82563314097,50.914186284575344
53638.84726247664,53871.38555784476,53741.62342792158,53761.50871217803,54.582145158794184
53726.57277620133,53887.886011925904,53733.864108144284,53747.86039111311,92.26756024085013
53998.14914254112,54107.9969447328,53925.66158810517,54090.52893544298,68.26798893103073
53936.705233304434,54106.85833525857,53765.822796084874,53941.577971033286,7.816848478173499
53736.45493150584,53882.88294517318,53697.977309391834,53776.29026330149,25.29060315492748
53786.035162248685,53762.98937758142,53659.237174794755,53756.5997584164,71.0766504792036
53679.51304752583,53784.636117067384,53512.81087870275,53623.90410114398,9.312104647435737
53897.669837593836,53945.82667144947,53610.66912233103,53849.23128556528,26.129676092561038
53634.45273948992,53705.67611581571,53515.35056168043,53633.2449838926,26.368708785576644
53389.464333159885,53481.07050443272,53400.83903888846,53403.75125341037,70.77085653371194
53372.032400817094,53465.180545283634,53260.232488665984,53316.187244461486,5.162329006208055
53285.49857082281,53304.04700652191,53128.477040070204,53216.580754323026,34.498114179210425
53696.323571102555,53670.927320700466,53530.96631661092,53602.48716508642,42.637292682385876
53686.03586835888,53863.49990203262,53746.16357284302,53792.37132647158,7.329279676019052
53804.50191395051,53922.67723724195,53718.56087418433,53809.881574748615,45.840153827229294
53672.05787970104,53575.2772512653,53489.32922220281,53564.79447098258,53.14077259378618
53734.12161941469,53832.992788006646,53680.16935199661,53733.66706626289,97.08185530551563
53541.58753882175,53567.086157380385,53487.9597506675,53533.623996784976,87.35181808358993
53293.528450810954,53312.62548716059,53073.71208163718,53224.66977742945,93.05531886761769
53404.31015853381,53492.27640180109,53439.45861215889,53462.275735899915,27.072996831211505
53548.53238118016,53613.21517359903,53436.63010504937,53525.66425828489,15.016723982084768
53707.771360113846,53735.06310110226,53588.85883230972,53709.83602304105,63.849236401079644
53787.79716995597,54002.141671782454,53647.101550379724,53773.58155362965,20.152488376805533
53942.62840535569,53982.54041858694,53761.129527106525,53944.94767601019,58.648208626859685
53763.86591047474,53906.10200834787,53716.33428850434,53814.74255735016,19.5724834684194
53577.610456242786,53688.86806207471,53543.79914431114,53607.893988993266,6.514402647970641
53766.80723403669,53852.206014363845,53651.54377009714,53744.21289264959,44.89241981297175
53504.756551920975,53692.947658959216,53505.02755436854,53583.53095981482,63.64498046618695
53368.61134987648,53555.0450995683,53422.92074050079,53445.62100426479,9.413466575242069
53427.67463351268,53369.2782450128,53349.56154837452,53354.51450356132,54.97180447766543
53413.73780979204,53471.191531049175,53192.6922852269,53358.01033536633,43.68348856319455
53317.76976455042,53455.68444900303,53209.1295893444,53287.21155311563,25.524189254572672
52935.96708327357,53062.16297053423,52939.756825696466,53012.22129443203,17.187788311155717
52892.63327390446,53026.19138240814,52817.160697203704,52883.497613865446,23.43259496715563
52467.41305002401,52532.074006410265,52335.02885285946,52438.81698342056,89.66115447755378
52565.56295860135,52665.108988900385,52529.165371636496,52563.863273626004,3.1870450208407286
52254.65888088823,52368.50872575899,52218.24864364564,52243.45174250465,14.748450722282957
52030.374007402635,52046.028878109835,51847.483190373634,52022.57507461896,51.816987000140294
52086.489962993925,52119.34364860533,51991.167974497526,52033.00809047116,68.26409160862035
51924.75342848627,51988.65606433134,51833.10976437926,51885.09549119289,41.03196865268322
52207.056469364485,52207.8651267614,52101.35411344163,52193.69841027424,24.035783312846526
51866.04824029215,51936.24059106362,51835.19918124761,51935.12702832955,27.43474299835562
51924.079137325476,52122.94463966673,51951.04236604328,51988.53720219939,64.9398613444927
51934.89630285765,52030.682308139614,51910.24652464599,51980.68063855389,71.29018174647477
51728.8956292848,51890.241716812154,51639.59155320864,51747.06193900565,97.02856425844043
51982.311049915494,51914.615341871126,51788.987364980545,51851.717271112,70.35078095014569
51728.38963679705,51924.41525607465,51664.00843734721,51817.40800486755,42.191546558826886
51915.86550609478,52033.874384880415,51929.99356931797,51971.76611511028,24.553951559255992
52154.93291390255,52309.9241633954,52110.62858326304,52136.46694590303,53.46387665061736
52601.53330432312,52678.94307889164,52454.07127947582,52569.11413575917,72.65661912639075
52827.116124305874,52893.68106095053,52803.50830702655,52836.41972564645,11.659202119486356
52760.34785567396,52848.70491339782,52758.03116040561,52762.58335805796,5.9809195033308065
52749.34119178455,52765.6670358374,52651.49926220514,52714.70752254277,22.41582449562668
52859.94041543888,53044.49760654331,52883.55471189436,52934.639441720195,41.92473201956427
53098.44485829169,53078.39890414856,52920.32920023408,53065.69218786471,66.71744174011098
53181.224932630605,53275.06371759564,53166.196333195745,53193.718493084234,0.9143627034455704
52930.53985929201,52917.65634371355,52856.34855955215,52870.32728422207,53.855626908800915
52878.22652396653,52940.84862769851,52841.072823289,52865.46205934228,29.08746747999996
52663.74256951867,52806.67469860969,52617.290861253474,52717.85587750114,33.501550417679205
52771.71231504553,52795.99823713019,52679.87673403022,52773.840797309786,43.32299458612289
52783.55638593482,52796.635981191284,52516.03570561169,52754.2107193812,46.00247908963355
53033.65530813469,53021.15378826908,52888.74380076503,52936.24650099972,40.17805475775137
53016.73971112985,53162.640148361206,52959.09889201766,52999.69014403797,8.73930833489368
53174.688418519225,53234.67854067528,53109.25010587782,53156.95573645977,15.914371009529827
53027.0046207572,53093.67227480636,53046.61209695619,53063.67191711258,49.335936969880144
52808.67172292208,52975.43857240836,52770.00458495641,52874.782665928935,38.65567828620823
52853.7012742239,53007.10353381229,52582.15300608877,52792.77272728842,99.67016778714635
52749.28411694252,52969.06049677363,52620.07749967757,52789.36864451614,76.96195037869055
52913.635804036545,52885.63288531746,52860.962877639446,52865.19899162715,58.285126809119305
53259.593890113974,53361.852265606874,53178.78974028595,53317.06078176532,54.78350581469256
53330.449128554465,53328.480857600276,53269.65751260269,53308.609351433195,4.999599141082001
53089.55639708605,53259.406748554284,53036.02656031791,53117.42035133464,67.67315329538037
52970.782522640766,53144.73465700121,52988.7907990473,53048.22399619476,56.54301750406749
53040.6883101022,53023.461587842045,52949.96089897764,52955.50480126554,51.59001567451884
53044.45816700169,53094.17992087518,52972.14502363438,53051.80109602024,76.6444680307449
52664.77196081089,52803.30877868514,52730.32370462038,52743.64169313131,78.29903978765995
52717.338010006766,52812.99991322339,52702.12625710134,52756.29409197137,21.669065247173315
52679.298331629005,52886.419456938725,52701.065163212035,52787.59539956445,18.46492162518495
52858.844010117115,52885.421901832495,52824.77879431214,52834.03160680451,65.96665366437541
52660.307869729644,52791.45330897891,52596.358183734796,52714.56839301143,33.080234925059095
52631.06203750936,52783.89362179644,52509.91858769598,52666.98404706423,45.477915314543836
52379.64245072528,52492.52224194056,52296.23878911506,52382.17186526772,4.43773266987516
52334.12386649679,52341.033488075904,52255.14318931551,52283.50788859529,42.29389412275808
52163.74897524455,52359.84866611949,52078.02436670187,52174.93559339194,94.1848970346751
52161.45759755173,52399.14081648384,52256.30822973213,52258.14560264423,68.766859614929
51964.41507574968,52163.89506647514,52006.50557160669,52026.90911627984,81.94054977033032
52158.727932651505,52261.094789747745,52088.374700133296,52183.14873662184,62.75247142943806
52506.741507704,52500.38851018687,52428.102134534754,52482.04564552012,58.51084103040222
52138.42426644046,52096.84018373894,51942.41991043872,52068.04864051741,97.0854954626407
52163.251879151045,52211.73791420416,51946.148027931966,52153.30038667303,48.97138782957685
52334.13134896518,52325.241139701546,52273.558349913095,52288.681993679085,79.030196300366
52178.99007805079,52327.97257785706,52056.745643563554,52161.19458856864,23.141096112489013
52026.608828902885,52140.544000576854,51918.40531957208,52081.74022570287,10.196113461016122
51993.902057279665,52210.8651143387,51944.0262553999,52055.164110185484,18.132699208515557
51941.24705638857,52084.00865404777,51780.869417792106,51995.60593430514,34.230411687207166
51906.59562916165,52135.757349034386,51781.17266717818,51933.80334049572,46.068285553306886
51625.09239692588,51697.023479457006,51456.25507582433,51598.60257922972,88.93870374642448
51807.11899134377,51847.848384383826,51750.502252929655,51829.06889218635,59.26255312536329
52131.3280136521,52093.6863410877,51988.76744808556,52044.992610593705,64.26100927581469
51827.11745598781,51892.98502611889,51688.484016962924,51882.31975875287,38.49490468014003
51644.002039044775,51638.356331903415,51569.918969519706,51589.034893192365,66.96199386221491
51626.54104103093,51752.77789925215,51653.887576090696,51693.24786848292,40.4115945772332
51609.767506628996,51694.5054511428,51561.91120571514,51578.090274520306,60.80691150842866
51494.8251959672,51629.710307903115,51523.02910365366,51606.48090718446,53.58100047782506
51555.80812232875,51615.508210493965,51475.32817694121,51542.61522375544,30.79065420546183
51686.70783382157,51938.82804848842,51646.6041630079,51680.92297396948,8.360247939173282
51781.752791205174,51913.62374131155,51705.46049473191,51819.87280270068,12.260392109925089
51741.84663295145,51706.87922071376,51670.16453245683,51674.75332700796,57.49056458422663
51387.15054798941,51446.93715800442,51369.61208583037,51398.08053592895,7.31114280170565
51131.75701004042,51114.77267820238,50880.64870084078,51081.49285646193,45.305556855930696
51169.72619463567,51304.943787033204,51193.990647573475,51203.56873228338,89.9060937541974
50940.80906204595,51016.46378332941,50871.755981011134,50965.79688072657,58.26390739708502
50853.217099707814,50926.656157042344,50832.80730468961,50864.433609866835,97.66629593385908
50683.36168573402,50897.44761122715,50742.048455589495,50745.17080217673,28.788082286544224
50727.48249124042,50790.353754980715,50721.29781405914,50734.65734292282,64.99134334785113
50457.13970455232,50531.219055720525,50163.2541924516,50347.40138175352,93.47548955954068
50422.81791632906,50450.46082945293,50351.999411590834,50385.15710111229,34.94042526552828
50537.914383787356,50508.780214092134,50420.604416416645,50489.935305879124,53.35805475481475
50474.45042883447,50625.20322208188,50481.56842716489,50507.61972328806,84.71784711358568
50455.5604867146,50474.168220195046,50233.34624841347,50445.44248894836,33.133468495821205
50497.07397522362,50465.21013246802,50381.693461464,50464.92252220212,0.8953537205015905
50585.40441786779,50548.39152062177,50400.93769092013,50544.731791330145,99.0225518444119
50007.29411174181,49998.63556969756,49874.15142561047,49990.21324004482,40.61225765903932
50360.30369853189,50423.34811253757,50313.0459197974,50381.39570169496,10.947499725924049
50414.93903206589,50551.857768428396,50459.103324395415,50459.414366232544,73.60274673920657
50327.05733473613,50378.59416960352,50263.493307666045,50328.93264975514,32.50594958087054
50272.88591796052,50351.95529369985,50205.74999689644,50250.74197471762,16.845673092351376
50347.52776108235,50353.90430207224,50294.844417046224,50349.49033018746,11.849051639673537
50386.824523564836,50488.11547480377,50251.48337516639,50326.26954238058,69.75736148832333
49943.02878867794,49977.243631037265,49892.74248972957,49920.132648824285,99.32622147438094
50261.6005732188,50387.40062406443,50312.05416289856,50333.03122109615,39.19146822192434
50257.31286821551,50420.31259532309,50286.96458304979,50310.92308964965,76.37386082494454
50403.13446473102,50535.537312366214,50372.93475072133,50514.95763199281,65.42403200038102
50413.20775556178,50507.1998147282,50306.07281125769,50376.547662435936,42.09615093650169
50553.81093903213,50781.160670040765,50610.28658375278,50683.82307328509,4.893394060473543
50766.4343732136,50765.000519100904,50688.89904934933,50741.09181106355,40.94289543725394
50895.518198441976,50923.64932258683,50703.641075382286,50862.860577958636,2.9265683952944155
50638.96002398599,50747.14152875194,50511.21485994521,50653.80990472925,95.22416439578136
50871.47378029363,50899.486467274626,50846.883725400796,50896.038962665785,40.938820804922884
51024.29057421245,51041.27038548313,50971.041446602205,51034.00259557275,57.92401873290005
51298.250577353705,51314.955244007615,51230.193202052775,51294.37184148574,94.07348800664573
51065.66301103055,51206.50902146336,51144.68561429002,51168.75432955743,57.60246148450956
51132.44608117434,51158.01317873652,51010.706734979765,51072.548905865275,17.232892786367604
51588.15970926038,51567.57498053074,51525.705934394486,51533.33224540206,95.16135788667495
51310.6871841959,51343.67169207722,51295.180048933944,51321.32908085775,18.793987038940298
51299.00443946021,51540.571334073626,51208.66601407485,51294.13914072209,12.814614351959596
51518.971740787114,51540.900586935466,51402.72802320664,51521.517413242625,36.24514377540128
51425.16833056633,51654.26292015333,51439.45966752573,51541.0624067856,43.485083602558596
51574.06918673548,51713.75124304943,51626.965846637395,51657.65314273626,97.73725061071819
51545.599950526295,51714.05743160449,51520.99257409787,51577.76333688368,55.4054913243974
51690.06778844562,51730.95016601753,51438.84994730004,51651.77451445319,80.584060154573
51377.71397310669,51417.27012244593,51370.9624518328,51390.46914410612,76.89837310213484
51809.18673090023,51771.75610100271,51685.995043456234,51722.09528002976,40.22262474078787
51740.90461306051,51832.10108923633,51683.26495110847,51698.462471004044,7.464923662461887
51524.93934426443,51574.430942414285,51540.19955720917,51562.42683020468,11.97312298877219
51742.67715953295,51741.85033435517,51565.22612798583,51695.703446611056,99.27172710592174
51634.26245049491,51608.207604736635,51594.235719059245,51603.559489133346,85.99452631081675
51325.49702567666,51380.06322812611,51322.75400130418,51336.707794852795,34.57182603146849
51214.23748090626,51071.16389503864,51043.27061904171,51067.36429369329,83.27802834338569
51195.48747083781,51377.52407120838,51102.70838629961,51206.11892423131,89.98673858758532
51158.52817283692,51250.99909577574,51144.95827422309,51174.20423660206,92.33950947632276
51119.07262671999,51224.162969724326,51064.028987869715,51147.46392466837,87.52059922239731
51278.87967581327,51465.6134110262,51352.13683170293,51363.01268586362,18.621990008841927
51163.46185140005,51183.61016833922,50966.876148324736,51137.647524112275,79.34650463166777
51001.80471465832,50991.870294134766,50961.443362052356,50991.51197353931,5.56351575690941
50953.833278529964,50947.17352067576,50852.95884827952,50914.53601170306,80.6527046216877
50964.45056922826,51081.719192363846,50905.59525568487,50933.40632956647,57.69086981644179
50961.08725937253,50929.98030345481,50897.2973578377,50924.972039308355,73.49362550586454
50903.56146104939,50951.95616148396,50811.51046245344,50867.59460083037,54.97055616691202
50953.31274997343,50920.27351771632,50733.6389144767,50855.269320411244,59.7518993024338
50890.893688018434,50870.22524604458,50822.83010231199,50833.808265153006,3.702137397206162
50650.09355458927,50713.75554453583,50618.041812185606,50689.88738744265,3.145577950307288
50544.297957702634,50538.91103368561,50369.66949337497,50527.288789731836,81.21306038898034
50606.799570380346,50776.5377464053,50538.00511165126,50582.19206127662,29.10563673787394
50425.75713934157,50454.838963236914,50322.32293684631,50404.009044677514,80.72142585685947
50156.8484277421,50230.87479352148,50097.98753284831,50172.537992839345,70.35041231296614
50176.43774463948,50202.74001944507,50064.67662522837,50110.07954261421,56.4947664715183
50033.0151451254,50258.59241562746,49938.70982028746,50078.54613938144,10.49609344753134
50633.86514552605,50649.401216187434,50320.92979324139,50529.890838841085,6.6042404081930295
50338.06141589004,50440.601528098014,50267.49000814844,50388.95078366984,38.398148915384326
50556.26920068769,50618.53242832783,50538.32710878761,50577.602928663735,92.52518951722115
50829.99458874804,50768.94879478545,50711.11764113462,50727.040595504666,22.626331512117524
50484.92328005082,50528.962228108896,50373.45755152326,50489.25160446392,42.22407479193786
50623.90376351476,50693.866895455634,50593.13288635078,50643.90219994444,64.16877957716966
50466.834747414476,50528.99445490349,50393.07772546234,50407.126071905775,49.670185927825386
49878.57144863147,49899.91390043407,49811.857600233896,49875.291624306425,2.50959540126634
50072.39228845446,50088.35395977876,49889.494923719525,49996.5555291783,69.52865047666921
49601.98357814027,49710.563062483816,49623.086335568565,49645.37741249076,91.84076745125074
49700.36252960714,49913.03878637081,49446.312322652026,49735.56430485194,59.969429818338206
49599.47027592202,49646.09821785475,49564.82552883638,49598.7621253045,58.04126831646309
50058.23915081616,49951.029351689824,49899.467365009266,49930.672284542474,83.5298241645244
50147.32939540448,50199.35985113531,50046.78206469285,50144.37416440567,83.28384036328616
50062.61016859341,50053.78699630251,50051.28398702331,50053.697003635396,18.675652776903075
49949.7360373029,50070.35829650962,49804.08306644375,49916.129481429656,42.2299147146911
49746.20080410218,49759.52880649926,49560.32627787145,49673.31400081083,81.9269782016852
49627.205843563504,49596.988136707325,49426.13717521259,49585.12947435232,73.48339668594188
49553.679780207014,49577.895434358375,49431.18536524316,49529.05837531541,84.43880345701173
49461.39262284383,49552.71327828305,49362.703303925446,49456.11966643708,12.944330891824107
49454.52511054802,49629.72091238845,49405.98957807052,49487.46043749155,43.94670610097167
49571.776766875024,49799.28743597383,49578.04049231947,49603.164737037325,70.89532174596769
49662.96033951898,49680.31950430313,49634.81214126688,49673.09562843596,73.0161254411722
49571.69766673145,49551.37928826404,49520.23274786131,49520.266843654674,7.180491753233631
49222.71557408034,49340.54465797603,49226.48806882837,49232.708548894356,71.19403565098224
49472.75597678438,49611.77493551838,49473.88003043295,49505.61491851485,62.62284592042896
49333.20117055478,49486.21382606204,49349.93234699273,49367.72508160486,34.89130787321288
49189.31878039131,49417.79153048091,49216.10432992174,49237.26636161786,30.41085991737059
49249.131859798705,49216.067099691674,49106.280112851775,49133.02849915763,2.9009349695019337
48836.57226970467,48816.584241621094,48599.2328855868,48764.41458912631,39.198981463884905
48688.47506545802,48746.58051645243,48620.16195343546,48668.81978831821,30.69951076383002
48533.69727967667,48613.69609045124,48403.161455678324,48572.88862551662,43.15013711681532
48654.80488768324,48859.960550287695,48589.71020045695,48696.96028518533,70.8745616442597
48868.026482441026,49108.61965143905,48742.06199236106,48836.65171500679,14.548190795486304
48733.39562611358,48947.06606753331,48732.945090453,48837.40589282404,47.99624318514972
49116.89305525341,49025.42471634499,48794.812782386995,49023.7755676469,79.28532882832405
49108.02792335157,49213.94619787664,49067.51293845694,49091.76856440716,24.863459072548444
49054.03914645056,49153.90828702151,49016.528949957356,49088.632142086644,86.36843855310488
49144.041135283696,49266.71184880602,48890.879735748334,49120.81777574629,93.29594639901325
49129.63290247562,49099.6748730097,48979.65751427064,49082.68707703001,11.28396090835161
48943.10023306245,49012.79976692695,48848.64511410307,49003.71717422332,11.570049442415353
48956.698493652344,48998.3097292493,48840.64791129366,48950.17046684453,64.5201996278511
48713.95275023472,48864.27473068191,48701.00611475377,48724.56820055053,51.718998866916074
48720.59214583778,48930.42804434575,48741.45963134994,48780.65654161379,90.35775740302292
48622.00338532369,48638.55853968151,48525.60310649857,48582.031819427866,80.19519052576666
48740.2146532221,48930.33519038927,48671.407317602025,48750.3580722426,50.18925618242408
48721.23211493718,48810.935370930965,48684.848850484406,48700.4663562104,6.869050887629669
48770.284272018864,48751.07838564875,48579.12593893934,48710.36535254042,9.887047839964257
48755.72596082202,48871.98846582107,48702.50546633389,48809.13270779661,44.849101084323316
48910.846368593506,48986.50474398038,48899.90956794406,48937.7956008092,30.457161899335418
48609.44004735619,48713.56765854132,48505.80925612253,48623.67091908251,94.3129429573393
48578.16275498654,48633.37766603896,48506.39060176697,48582.29018384972,66.58458222715569
48688.01592951018,48889.74140964727,48703.02796501931,48758.325966265875,27.05305792044096
48547.72276512523,48461.62573204407,48365.00134761196,48418.70480237942,35.69586223448029
48510.5607766026,48633.683439503126,48467.477376638984,48496.16089745844,8.078271991277063
48117.75560129836,48100.46117628645,47881.60748708601,48045.048051578,24.968804449624628
47828.42593637959,47990.495831864755,47783.424019750026,47840.54668285088,31.87714004104494
47787.0828764076,47858.85625758059,47769.2773872047,47848.272793218915,64.19483445457924
47559.49118892156,47602.98074746548,47362.653978710754,47516.92977275452,17.255373468917746
47243.49826282669,47482.949575983046,47243.09440693858,47319.827625217695,67.71836994261349
47006.9880743173,47055.60785521114,46788.498294394754,47025.460623724975,11.764935576897761
47316.00079662917,47380.710879966035,47329.03162576178,47355.08761016649,89.41261106953348
47347.55384963877,47473.699352276206,47375.03745620476,47387.93316126396,62.64365575214247
47481.6290762749,47512.45026711531,47380.624573362256,47501.39121683449,57.74726200891944
47503.67062147312,47500.099394589306,47402.31183764791,47456.85619673146,18.72716897697004
47422.40583230109,47493.87359427477,47230.84158196554,47386.16984698002,74.08706506938373
47064.51507571589,47085.357665376825,47052.14587568384,47062.87500924981,23.60521618815774
47028.08819942763,47062.131718322926,46850.97318229676,47004.507536700236,79.80432209799957
46824.02066055044,46909.66998606717,46833.71395263181,46852.209094337915,77.89545871583942
47137.19024523248,47072.77670108111,47006.115607863736,47023.79387919638,93.93957528131664
47234.88155312342,47317.89446669704,47032.088847995125,47252.01425252789,78.26932315321751
47550.22835764042,47605.02170682105,47472.40112092244,47545.32999564273,36.49451853402464
47727.85261421587,47738.13630183201,47605.784559530104,47715.840383534975,51.065224637914206
47600.924779708344,47611.32729370921,47561.87279176506,47596.10959615038,62.68690411940978
47482.64952098068,47410.34283098474,47341.8997764253,47372.930198958304,26.751806503266206
47491.549026791145,47527.60798222306,47444.95919748792,47526.26283528732,80.00516182655673
47596.06532882488,47679.06859570578,47523.89168979224,47597.52139878178,32.90980423441857
47121.161936167024,47284.873887778376,47165.581276745565,47243.81370864637,13.01360781089077
47278.970408223366,47363.00705219858,47283.2002505788,47314.910067195124,5.95214282882398
47467.144467256956,47541.357075554624,47417.188896894215,47477.814031692695,66.0009380981317
47543.971959027826,47574.88212635646,47428.49336112106,47489.59914952902,26.471136917689563
47496.95550872422,47519.54464937806,47360.55746380221,47452.588415327155,85.15756984170693
47338.073957289474,47391.50063703005,47140.10782589078,47291.058717803884,77.24318485656612
46905.64584164878,47074.38836110982,46936.10540946569,47001.75177789121,11.520795147923547
47203.146227633704,47179.05722742736,47155.2262498492,47161.81136775921,55.528122800085924
47176.106671418645,47163.34186905091,47012.625415550276,47099.98847880487,96.73738960177289
47007.19394054069,47114.17665823784,46947.51975650888,47053.29514649613,82.9230925147381
47356.1912360352,47422.451630856354,47310.1156808117,47399.83938387996,87.22395642271103
47541.767101804995,47729.32017899775,47393.5192753381,47536.739605251794,26.275669954158932
47563.88183756566,47806.0807067348,47476.86157371025,47610.90460550802,72.54784091663493
47625.57005873154,47763.3110215282,47605.10948263779,47639.31696654546,33.988165395235434
48006.99204186606,48037.1744523236,47836.253105655305,47943.31593869862,82.80626626852322
48181.88396639047,48389.15891513237,48113.327296643234,48287.23380018186,10.265221646079192
48583.88268297558,48524.391045620374,48342.47422013208,48473.13482247776,68.51140983015391
48606.694143594425,48625.491400263934,48544.618061607835,48589.57974075735,64.49043196172886
48097.3176037848,48276.516316276655,48129.55408193288,48170.65912651612,26.131814351442983
48096.888964725265,48246.30409322195,48120.4735538622,48195.40350936282,63.21614755141257
48215.63674487585,48180.948625928715,48148.26834161216,48169.38211852408,91.0880956991371
48188.476335150655,48242.908321831055,48162.10765033153,48188.17276440119,61.51658298705278
48426.196574115835,48431.86192443639,48325.26214477032,48376.7819818657,18.40430103530969
47754.40803545037,47908.05069827008,47720.92487078856,47828.846548427784,30.61624135269647
47700.9635929955,47729.39478624608,47567.237859068446,47714.98413773375,35.15584338126349
47786.410551879635,47792.31081668813,47741.45413634287,47768.9650087219,31.116934843816292
47647.88327112304,47686.783139200976,47631.89512822766,47675.59589951135,68.44074816689518
47469.326738688935,47459.78499122326,47322.39770301211,47392.2146768861,95.00027803711994
47628.88390183849,47703.06456606153,47502.489734411836,47566.00737426546,50.39101633327372
47607.806637129615,47652.438226476734,47561.01408673897,47621.38175543468,79.02570521700405
47362.649415520726,47477.86450455833,47253.46788075801,47427.16084134579,94.43850726035201
47502.451314063685,47691.20250910754,47448.340838639495,47490.12428224895,37.4444415537766
47637.31746509496,47693.69815045542,47651.99010143847,47654.44142465891,4.627869775197224
47707.02159536042,47764.72174805284,47456.530646167266,47655.49995391878,75.33016046092965
47727.365803690016,47885.47793803576,47778.29608330671,47815.61291460498,73.49903285619352
47788.88697340756,47883.42747236135,47817.16127648246,47831.26494963731,30.32515777217212
47685.485213323,47801.908467590285,47658.037605665435,47752.21915310644,26.912988382920624
47436.598386925616,47586.83921164233,47450.051590203126,47520.335049826455,70.33281572510886
47514.99294563051,47576.30405461835,47365.265199244066,47503.14889643213,15.64051322047375
47559.79255704788,47573.9724623547,47249.48252563423,47542.00748404129,84.34482252206304
47818.79886828126,47758.15949020274,47659.998837237705,47717.17403635876,86.06290286952617
47716.29429037306,47739.48628587516,47689.564987740974,47694.15254266131,56.634842886572635
47752.06347029893,47874.906479192876,47679.92923475816,47785.63566390551,21.880498489744838
47538.495197128024,47640.07366685513,47410.24395483695,47592.713261158766,94.9003056018016
47422.36400367264,47466.55307734589,47412.013601164006,47436.18742999326,23.528157853296584
47419.886975502726,47517.50526886916,47399.594388276375,47414.10957018788,30.90010403569846
47153.76522295172,47394.118139946586,47152.98461100513,47203.183877390875,44.18320494119507
47346.66874541978,47533.620757299585,47298.00056074761,47367.23344485581,52.07299484405489
47491.20984764107,47549.94178714044,47358.632006443826,47459.859510719536,45.551732213016194
47522.981476435925,47666.269798755166,47511.46095232637,47515.678663598024,0.020694848206426197
47569.8129492688,47652.36433158301,47521.258442164944,47583.459488641216,86.21964596942178
48042.615373929126,48042.47691968543,47946.91458811799,47987.66820093818,2.3738621409023275
48031.75855502463,48059.21034660135,47808.75072348335,47893.89536334482,88.15506099024752
47415.80031429695,47523.53890034191,47419.78877936968,47453.6071062447,82.28177450450283
47542.605561787794,47532.08378333383,47416.570371577734,47493.467145623996,93.66991078643309
47437.8039911423,47493.43314375739,47422.69667057872,47483.34643743166,31.396345018267457
47346.82195239484,47473.35534987334,47378.58131469617,47379.84262892958,17.97069997060786
47190.523279220244,47222.259058019765,47151.83388477072,47184.07665705783,5.428652624087215
47004.83813417259,47136.06836131715,46935.48791844639,47096.2387526974,68.77426969251495
47098.7083898292,47258.08392671512,46952.26542769133,47132.506438540964,15.655885153393978
47049.540874737715,47154.230843117795,46906.43630876674,47031.943098412456,16.783148472418763
47433.357526884945,47723.08483720673,47513.13045838011,47514.43383432121,23.039292183298578
47376.74624725439,47381.40867328557,47252.29722427686,47322.33295799458,27.861905890643325
47290.06630562,47260.906514839604,47142.18216199899,47163.709485453044,21.35965842129748
46723.842130028024,46825.31126079754,46615.67663196324,46705.98547745014,60.741723523633965
46708.883532270214,46791.30895241065,46455.53864001009,46756.28236045445,51.111594336649524
46331.156933452556,46482.637073722035,46119.95430912918,46353.00103489449,65.06865914954322
46258.69653440509,46254.41252266401,46188.32977945164,46245.11010821959,64.20482154705945
46155.007682303985,46421.3533126247,45923.24379241906,46189.97600130748,85.51557561842503
46086.931515770186,46132.287578309406,46048.023572880935,46048.030408138104,3.672665463778857
46455.12338002845,46550.09708834443,46171.66004684849,46395.804943629,55.771166006728336
46622.602346244494,46634.86019610475,46558.680848609714,46594.683821892104,38.59415898673977
46895.31002676235,46900.034336734585,46796.76180899563,46858.51119715242,78.92646651513986
46733.286940124155,46749.39385057335,46585.80519532126,46682.02743344244,22.855474819605682
46915.9407674201,46987.53756600202,46860.69135522587,46907.74624634535,60.89517189658401
46944.394159251395,47095.63439600128,46983.366015075764,47006.94643561414,26.959342402297047
47177.09033933202,47224.66629266842,47093.34869592833,47161.227625349515,23.46711848304809
47413.16245697384,47530.04296810195,47251.75358794782,47367.11539110607,32.78369850634232
47212.25393055967,47199.26915694473,47129.88946133112,47185.36274191426,6.357574166648028
47111.71706946511,47186.26623817621,47088.13914157598,47100.49921771867,74.63862278717382
47245.15124577796,47397.952271470516,47259.408649383346,47273.018419984364,88.13100604706113
46702.9527375633,46812.87311140133,46571.34036075132,46741.89460138938,1.6985109504285556
46956.23193752855,47115.02448997901,46918.85057548001,47044.56021790402,65.24424151409902
47183.42722005497,47170.74570424242,46923.32413196143,47155.186630745535,56.29006629232156
47120.67799425608,47239.72536023888,47137.61204609567,47146.045838613485,90.53939002176841
47199.53529201509,47267.18045769764,47160.38004453582,47190.14736976492,68.5360226735157
47034.31482534026,46998.24137829095,46950.257025534076,46984.16031310313,41.85849750923361
46914.07079939802,46961.520466351954,46910.731265265684,46914.171640185305,57.81960440273413
47244.6816962236,47319.75312877143,47082.301588969436,47134.22850782938,12.72144843198868
47413.431458442574,47535.398524912096,47326.57459252767,47393.83290229463,16.215012023514007
47937.54238719784,47963.352314497766,47815.716590232165,47933.07771280734,22.383694633086094
47932.13315675938,48017.26072374485,47759.06983078599,47918.29277955126,48.30900941611396
47823.49679582511,47845.16726677205,47785.21726611035,47786.58218619026,26.68241106953507
47659.82695852246,47797.37420075623,47673.90084398202,47683.73539300226,10.054438859707403
47506.48317179478,47547.28867514838,47395.13931045363,47480.12701794479,51.8508446121122
47507.38188236016,47561.972810260915,47415.057495766065,47464.55606675662,69.78297710269638
47541.67698395769,47703.07100929634,47434.22946692549,47541.10255275907,9.643908236572296
47551.30250119364,47591.51679837319,47510.86745559123,47534.25409665268,72.89528194653327
47707.42161823165,47943.78528562282,47743.34295511381,47753.52346578584,2.3668167711880073
47683.93910929952,47784.246716310925,47691.77258924355,47706.68030551693,69.89406234191203
47581.66465622593,47655.999148822186,47567.3805507702,47637.19017501722,95.30852548864232
47563.63877416874,47624.511252264674,47435.621663200014,47520.936479645155,45.67668606389849
47221.12147867126,47312.19252486882,47133.935494783895,47194.409574398254,6.589075736609695
46888.79220891017,47111.37271504092,46739.966933339725,46880.85602953657,28.268205867647456
46626.091561320296,46871.390473512605,46546.9142817892,46645.02444340903,14.751381329854551
46824.18186518016,46942.812049724,46888.79175094179,46905.31005774198,50.093657352287835
47204.637706130954,47092.596476999104,47082.697526768716,47084.36211231997,18.080344726729937
47407.691283156055,47407.317227105945,47345.26165852717,47359.35492559856,99.63816981893214
47057.62405576073,47123.022073332,47020.39538167388,47092.91259467966,41.956580406285184
46688.34379990288,46752.886448168094,46619.61357521327,46699.18765672246,38.734118690611155
46659.87172719874,46608.556791600604,46549.53253856955,46567.17639269564,6.416408661772721
46667.94464209803,46712.03268052816,46438.99673037459,46602.34018335485,59.859021817664214
46760.344260090555,46794.81453114411,46686.5432603553,46702.07823833681,12.430332264519283
46938.54494483624,47000.506555730106,46856.93006969758,46911.672669530424,26.174146526004005
46993.28582501714,47021.00279918809,46954.15257257018,46968.52860369187,29.913924848913066
47286.53189620128,47455.59011819971,47304.04026190142,47317.062359822994,9.811599180804764
47199.287727396375,47282.759056327726,47249.824028485324,47272.54122363333,83.00138387275057
47075.758112369746,47140.424852202974,46984.55246721332,47089.92538002497,11.052901054953345
46753.51123566819,46886.5778116814,46600.50643448349,46753.68173692608,48.3005031188643
46598.89549046036,46597.677804019164,46543.23810693256,46575.887465306994,28.9062579674065
46659.69832735791,46690.28218222498,46477.626540456426,46624.31105750402,23.65445657608447
46454.6664634188,46493.967792760996,46391.1541192818,46446.56700603329,22.329585290632693
46652.469172077166,46706.63298574239,46537.24796145633,46633.915498740345,66.98643759763495
46855.42568662548,46920.27157061421,46892.36307507508,46916.38103994783,79.37975050462602
46368.43156617837,46446.92359817507,46432.432215539055,46442.46365890251,40.89133583478487
46669.61765781833,46641.28740949592,46521.3949733136,46615.27411900204,31.85283033819344
46270.59684112331,46174.338957095315,46046.77145162798,46167.353307269696,73.10356112838112
46293.27449700004,46272.664508976064,46205.75591721191,46247.65311828775,26.916423128329537
46592.091552392136,46594.81856356918,46483.602224128925,46492.627231126484,87.04607389413053
46460.84113623213,46620.64222937705,46384.8609537184,46505.5984523952,29.387753600008924
46209.112309869255,46333.27175570443,46240.802598015,46249.66061775435,5.125256353600727
46092.75582478446,46196.79547123174,45911.59381796973,46132.574376898796,47.03426258442755
46042.113422685754,46106.12504449068,45978.577575761476,46080.24528775662,29.990535724777946
46010.30118871133,46147.82022742358,46010.72542341791,46043.79633099862,46.59537627192005
45937.71725402541,46021.88605505675,45867.37877405819,46003.21696284529,29.20264474816986
45972.34403933387,46095.604546567614,45975.15476853064,45981.24040698343,98.70146293935036
46004.03590037304,46138.39177029392,45823.347272727944,46023.936416765464,97.45360622652123
45793.33983592135,45784.09839157281,45774.05584970111,45782.22168601882,61.75352056613011
45696.71625559966,45862.16322367143,45725.8967834776,45733.817720044775,90.65601172794948
46157.75798791185,46097.26460325514,46028.07312414038,46037.46995411592,31.293596586413585
45923.41387677349,46179.402737369695,45920.59020117962,45960.54086948741,78.78928932496174
45833.07459243942,45893.75094942771,45716.84252480959,45871.773650856376,76.50525317153863
45997.062603091494,46177.48550210814,46058.127419534976,46087.41311159922,35.53145136233549
45644.809484729674,45664.712588965696,45564.904685829904,45575.576178330404,72.14717304609022
45802.45182548969,45867.3645331375,45762.50589648119,45811.85189858806,9.361742719863141
45695.018714120735,45702.71937869772,45606.903017410164,45685.47114698702,23.25811861125112
45794.127051009134,45864.430695699215,45662.82234841619,45718.256861477545,20.990176289294705
45675.30427765589,45892.40074636205,45620.638100465054,45737.52113266179,62.57713380055097
45903.890646435226,45938.67163665893,45831.79011247523,45926.01475650586,20.17621727271258
45835.07171516587,45951.79651432853,45826.003046820355,45872.49580725879,28.355720014750652
45828.6885198356,45800.69305429545,45724.44721380502,45736.890650945905,27.235939034747545
46051.267490210674,46030.46226890208,45891.14260209049,45996.45980907612,94.33494900386793
45549.6308445897,45609.926760963,45465.900690473594,45523.62504564789,94.7999733897108
45551.56048429733,45586.661661558865,45407.97903674216,45527.69188198893,83.1646595930298
45364.176269350035,45285.36007231189,45094.33616874842,45258.10679746311,45.15219621667268
45145.369796574094,45179.54427115319,44842.33183972796,45105.7921198118,49.00659672929136
45516.48202348828,45551.355329049315,45349.401063582416,45508.043456104424,37.4577296000298
45518.61996667133,45520.14325219293,45479.31566696394,45499.12437081325,46.08295373992603
45523.65841552641,45670.21774885632,45516.38030850438,45538.13831024353,14.15038494017561
45199.38181549043,45311.02586420712,45103.294266918114,45181.82573910241,27.098446255382946
45103.455873378494,45087.884676072325,44968.37593888897,45036.01680734347,18.51013063790684
45079.979484809555,45103.66806493486,44969.60687106979,45075.32828748923,88.0906155390773
45127.79696573852,45227.93331408925,45129.06121509422,45146.27982611187,68.99731640641824
45289.296419546474,45269.89565678205,45148.71864579414,45269.65713699053,13.33347578550118
45263.81993762687,45397.53189145311,45264.976947573756,45271.382716774046,43.04095136360707
45229.5343427484,45428.18397644658,45270.4055617905,45376.78355846497,32.56426178891674
45386.09904479469,45576.2945725388,45459.621190411526,45467.53994099211,1.494289387648684
45118.91278735271,45175.522312104506,45048.84225216232,45101.5918587912,73.94275136686483
45159.9313088928,45170.90849533379,45062.97152601273,45108.99300317324,44.02098161457113
45255.840383552546,45450.00483439388,45222.65679549364,45262.573484719775,36.16597341041386
45387.58472639406,45470.53809654103,45373.13112933175,45380.54944886668,18.215110167675274
45320.82653566044,45355.98574773974,45199.241942649365,45307.77768687252,48.828926667880566
45105.79994712643,45152.14120384009,45039.716738552175,45146.65238536465,27.16390141047752
44919.30230788689,44975.2457607002,44887.42715815422,44922.99000050032,50.777634478555825
44866.86854782087,45023.413465888334,44789.83148711323,44896.77919819204,25.03933499023442
45115.91215911664,45129.54465053247,44860.2477439192,45123.395174103985,29.264526451191596
44597.03009332925,44872.01245569728,44591.73691641546,44733.03435380766,42.516303846131564
44681.74520275899,44796.4238641237,44550.31297728155,44601.056007861764,61.09114614023318
44296.94524248513,44402.6734256271,44156.72896067603,44373.09551677641,84.2562922040296
44649.33783253068,44614.3459006702,44499.23474606042,44530.087021024505,27.865464446321674
44373.389550227635,44443.78673850043,44400.41374370843,44419.22509571025,32.73742510149755
44379.33249648879,44328.39721210576,44299.85976721087,44325.09756407929,64.46749197651432
44272.5305078197,44437.909084274885,44145.35324904649,44281.70765009196,99.48453661368346
44278.34632576481,44471.397006980675,44284.933205755624,44370.78630027092,23.07660181511376
44272.36114463721,44296.71299037858,44211.652423190855,44292.30850064099,22.07735828462276
43638.48172384843,43879.03609020158,43565.66752676196,43683.07988968101,82.03054206076642
43730.16723406406,43885.97369878621,43696.93768351188,43791.742267958514,79.8069617377103
43880.72156610684,44080.063402158135,43736.0382703625,43879.55085949292,32.901181064232375
43873.05277143244,43911.147621852266,43796.52175260935,43835.642653826675,1.4750071098551865
43611.395566305364,43758.488853449606,43485.7525646584,43618.83532969229,42.95180481734958
43667.283943995884,43765.14090087146,43590.307141456346,43689.19135182856,54.34836578212362
43745.85574865138,43790.114126211694,43721.90813476611,43765.03845853568,76.0154430659273
43593.57510379929,43680.43812703176,43497.32692655081,43671.0318819955,66.09470573176378
43664.01476352564,43667.44210944214,43508.6400146511,43627.6855878804,67.2126503156831
43392.89449419152,43543.93979145595,43412.542972605974,43441.65428737553,80.33806300667223
43470.17584422749,43521.00566938373,43363.875833670805,43405.93646895807,77.4871881325903
42990.641329963284,43155.91112011467,42918.115222389264,43095.85059994137,47.32539148883953
43167.95151093655,43180.63939094114,43168.50970680055,43179.314364147736,10.481257685084733
43046.89898096237,43007.877970853035,42963.93067760864,42990.44066598288,81.43355705533162
43052.12789388905,43257.429630718805,42992.1150363414,43038.06129554934,60.17740000315969
42793.839547308926,42774.5824506273,42754.18085702152,42756.86871229576,3.3013476917785334
42768.07323842499,42727.930101428,42530.286829462064,42638.85718312185,78.84910597940069
42675.591683772036,42708.82193941035,42554.07052771239,42616.759302108665,39.3339426744222
42236.059267759774,42376.812820157276,42144.723651472086,42284.61933973482,31.41128963490003
42369.650026905445,42417.216037260085,42177.2701442664,42307.648914362835,51.504835358831826
42197.89084308861,42341.109062419455,42206.095869953235,42231.81940178685,67.15603316597105
41844.3180787251,41916.44922256518,41781.39963906107,41883.348162225004,92.48463778030145
41576.149103301825,41667.72849446727,41458.418687963305,41622.69961140254,2.6017773083640616
41732.18348609305,41832.12510119378,41699.551056997196,41743.72362821897,30.467152323725454
41970.44416577816,42046.24922890724,41904.403341349374,41922.834825329235,4.044490094577091
41949.2999929299,42041.437849909365,41874.34400707759,41896.45309737325,84.3131340273585
41976.90023565529,42065.55016642819,41894.72410661205,41977.405459781345,70.35378091267208
41957.63361753439,42046.68234800161,41977.53100963648,42022.17417244393,27.057021830747285
42045.92701043009,42165.96631613524,41973.730966965275,42088.09876886947,76.93841607607119
42396.86621384394,42513.83378077266,42335.06957176838,42345.29557028553,63.33798145741779
42112.9818879277,42074.1969956883,42017.004501458716,42043.89589064268,66.01305347382026
42182.041626760874,42252.54752393794,42136.23332542373,42179.188037115004,75.04297132612253
42082.296108575865,42303.97267231209,41967.300124651134,42102.786245999436,16.09772870635523
42021.79184015225,42147.675409512245,42005.824511609724,42057.93445914911,60.04598140943131
42005.58159423849,42131.10802213936,41809.16809839477,41997.484513058094,51.764293131685925
41928.09486410632,42056.69045885163,41908.97048463647,41922.45508972584,34.04785201636101
41745.24273646041,41697.001182325956,41670.40143555129,41677.21585136924,73.06238195624563
41629.08446309202,41774.10004017836,41646.92655272794,41713.883691220755,43.424010964932634
42053.16805922749,42135.399602608595,42043.53520509485,42048.072297778526,47.00680823526526
41982.55840931485,42234.25568851297,41998.868555034875,42036.845693688774,20.923446052275462
42046.22180217932,42084.349541403404,41989.012286924255,42036.568685141756,73.8954018145448
41873.457084884154,41905.122666260795,41874.159247672505,41899.10887771042,1.0600443067144139
41865.480628989135,41962.230848327556,41858.96799575844,41875.613968426806,49.723264685815806
41929.75424582954,41999.379329134856,41939.27350974899,41968.847253633605,53.76448622510346
41924.57864015587,41997.21525877005,41781.747031971565,41894.79876549274,26.758452782881392
41794.34259450426,41828.49899341529,41737.10538741658,41804.037957282344,16.852335984611877
41896.99676918079,41962.683190207485,41804.09279926389,41884.69086531499,34.796124669001514
41715.85446682796,41709.99753160084,41620.62933893964,41701.089911351184,10.586803445028325
41696.46462933587,41764.50458501256,41726.106002232256,41751.58923676655,72.11829774945829
41893.55805914266,41942.127471994405,41807.48842095437,41915.653596218835,58.11331376284521
42246.5691397629,42353.828141276565,42177.73646824654,42187.64330455474,4.176896754559534
42176.26875727466,42224.645764509616,42158.785274395595,42169.566903099345,95.38298022152253
42461.878938733,42502.62866673706,42425.7311061565,42443.08635106069,77.17621691239763
42644.14055381049,42694.45367217564,42622.9319492033,42649.96832835699,97.43897847722248
42507.57496979091,42451.102081997284,42429.67598538014,42450.72580028278,64.27701974472181
42158.52334470447,42387.73172422449,42021.05598056444,42207.13809796415,94.21137207142817
42137.6478265561,42148.07764959039,42086.118004914584,42146.145370393264,80.31539174397093
42409.420576201526,42458.00396884645,42319.70682861232,42351.93246891224,30.866441445423842
42365.36330428244,42423.48795502948,42190.58847973157,42337.475067400235,75.41478947377915
42095.71576610637,42416.270502484804,42120.31135714615,42217.343555868676,12.160651693961144
42426.28901728047,42681.847989065456,42430.23796808461,42527.79219187839,50.63493563373049
42569.31218722827,42616.57565866112,42499.22387589419,42585.17308947906,90.87721168803684
42068.951486141865,42158.341835206156,42046.898637082246,42121.05423432091,52.46203828941719
42114.63622408638,42273.11567904159,42088.59760070045,42184.486359579445,94.67119294012922
42357.79606928872,42294.02038206659,42098.60238020597,42288.494482493625,38.17710225786487
42299.83374692066,42483.649050985696,42174.10994937485,42333.61621338784,52.415357540927765
42433.99874595378,42505.4090474936,42398.062412592226,42423.55863343424,56.94954646106728
42408.02289523149,42491.987448909575,42314.42265629307,42410.10351164964,96.04976835456291
42164.66396657999,42160.47392846464,42118.455430749294,42146.424337720695,70.76815130051148
42141.416649587445,42137.2665005446,42044.11388574426,42072.283537076604,59.4815122793816
41881.52466772569,41926.63925851146,41791.60003414167,41883.16037796535,6.570908448214907
41783.11444092548,41717.10825097951,41617.726170123315,41696.612195806476,22.305683305739166
41474.60035280936,41461.399209736825,41315.6938300575,41443.99852598602,12.336388872627268
41476.20299014856,41720.20657148953,41463.11536272198,41534.496344513944,51.11583332462219
41514.83166257997,41595.54300025739,41420.72035738113,41554.07557359647,99.08174778378677
41491.11171844069,41477.30125609197,41388.05185599644,41464.44250106033,83.75544043314483
41266.065284886725,41380.116914607934,41181.07910547707,41334.574915514255,48.88351103925787
41360.21025449171,41352.18087647239,41214.21219436254,41329.89029450996,51.43933767044522
41591.16292449169,41761.46487748191,41494.51109898802,41545.72924013246,4.130901310814061
41030.64183051914,41209.89454846991,41099.98522117167,41144.88609703268,83.52891620246463
41185.846109906386,41402.35532861182,41080.87416563992,41220.26140120285,38.18310105894731
41077.99916969741,41189.146993238304,41058.08013276868,41111.1190063993,2.7651711180327387
40689.75701511763,40879.605412287325,40677.40523508296,40734.20183740341,92.4296110485215
40317.84252801714,40370.74819050381,40290.01563518499,40345.061220770614,43.98767668833708
40198.83055803344,40191.85166170854,40043.13127675833,40162.504521943556,67.45716112869341
40240.75377283189,40313.44243479949,40017.19643131209,40206.406433102165,54.00473276665518
40268.22355172297,40357.01916302727,40228.213190607836,40285.01901989819,78.96540828216256
40072.79793816731,40221.47209664447,39837.57317724727,40097.22270536263,96.23792466398673
40254.550871494575,40422.0486317812,40260.1946125293,40300.62690364527,62.09655766021034
40590.70527794747,40672.73907783989,40524.39140968256,40585.2236029485,11.69191228684776
40572.04256568365,40723.79295167456,40649.78479815785,40664.44091993981,58.82220402148952
40612.41806226818,40612.36092302338,40511.20272593687,40546.160386378186,3.170774604767168
40674.53742449496,40805.131664337205,40747.74257754426,40771.04422328026,34.484114997194645
40851.95885676543,41074.12080837152,40892.704498019586,40922.12336241293,7.398799426569735
41079.25936787361,41117.2581318689,41015.504159726064,41095.60484468391,28.5710402788955
40948.96650454235,41042.734247943044,40840.24278145689,40964.31210968961,89.87288418592564
40409.6580464422,40470.5305707187,40386.27734285591,40397.40120863466,21.184696844819317
40861.608476631365,40855.08291837691,40810.94318858547,40820.7594129314,78.25099947796737
40521.06839773474,40505.66113983148,40381.141488017056,40498.583732241415,39.63914257903188
40471.104908585585,40531.977363583435,40436.28697606227,40491.43011786937,36.92066517941157
40855.54453358609,41010.97308493635,40932.57188530603,40967.57918811332,84.43939039846971
40989.42245900117,41052.05361571525,40962.116191043926,41033.694539368196,41.266456259993525
41295.55127845724,41256.06370554855,41207.677079185945,41223.54383407984,98.24069186466056
40972.95104439287,41182.40337667767,40906.30351230435,40923.0645202035,19.884891411175275
40520.50955469233,40577.25621695454,40408.3095407782,40567.531129256764,87.94901458454875
40459.6065644743,40502.381937871876,40433.94951494022,40460.99057086085,27.108715356823744
40730.626737413266,40699.068523239206,40626.220593255995,40679.14051774775,55.531470804694315
40657.8503605579,40676.829875357544,40390.07937859975,40609.89062821829,11.98274882796303
40510.51571565689,40524.824066903275,40406.330020406036,40450.96336400399,4.6872819214749395
40402.781053842176,40620.978211177935,40398.145752416625,40490.556821992985,37.27673653222718
40709.2335777537,40717.42502649566,40613.577811291216,40706.94386568843,17.928352179784056
40418.724676620564,40609.33589634076,40236.68560835877,40417.95582587376,48.82032580205965
40192.96744672146,40404.39717192805,40163.385425323264,40175.84722704909,24.29920351178374
40048.236484879075,40178.297471354665,40001.14884196297,40018.113376147216,3.887371238887327
40312.421571993116,40240.83175720805,40191.04409858913,40237.04105108963,71.82932746957462
40268.16405795316,40299.73588510743,40198.351976757505,40284.00535627938,33.38002905273141
40645.48751351449,40738.06002359547,40547.763960763186,40710.43603839347,17.230199067157148
40914.91444831391,40960.249775815406,40805.2782211615,40897.72518355969,94.79735253585467
40872.70310962807,40964.35526533634,40875.10672865607,40890.70614818576,48.85591656070686
41086.35039980113,41199.22651004456,41101.22196442643,41143.72171580351,56.2958496165657
41144.63813986244,41251.61355948714,41108.06597761691,41186.02111834989,96.22235482895822
41084.779978724284,41070.70186139645,40833.38323019245,41045.0368478484,11.815440044175284
41197.10611260193,41184.87948252131,41159.525514125555,41181.03181669742,18.226935129703527
41034.269147121275,41082.197920258106,40931.357414992985,41041.7664859252,71.02047827640192
40899.111768116614,41034.12142328073,40789.84117030859,40983.68706576443,56.07882313391338
41187.029190206995,41363.6416749159,41159.05390186919,41249.24360495603,41.527186813136495
41234.57345988611,41300.94469330434,41065.439178684384,41228.987307712545,11.21550331554787
41162.689032482675,41191.413634808756,41015.46640551314,41068.35903024422,58.396008452797766
40978.75532089167,41026.1821534408,40933.89509924548,40975.49149195712,44.14453761029053
41222.27019732159,41261.08296800903,41136.44130761012,41179.84960907485,67.10662329055556
41023.55180997881,41123.968661085884,41061.58067787321,41069.341474391505,30.04217068659947
41036.01810005627,41101.77710105763,40947.05040584334,40991.967305021375,40.25100569661315
40923.74322050188,40941.13542977725,40876.77856634641,40889.90875709465,30.801641967442993
40923.1061556667,40935.27816649696,40851.600357757474,40926.693855962716,20.093199168912633
40854.31421476614,40898.98857459618,40721.83072535078,40849.59590388759,50.801393326379696
40573.27945073483,40669.87465960345,40454.35253885606,40529.228694093086,82.91387576123917
40276.09626185857,40369.274842885854,40086.06520081266,40351.79250572408,3.4432299050248916
40218.49864854782,40233.22909803438,40083.373969914814,40165.234697422784,48.5379052411546
40567.35891569706,40630.20833915343,40269.38345819354,40413.89857431382,75.21014431627512
40662.60110667511,40616.04570251077,40442.257063608304,40576.433382735624,63.40543087162467
40683.15830090448,40919.313628496086,40683.3663030632,40693.88525861559,99.30256199628711
40596.62202337636,40660.07726701952,40457.13487065736,40592.81359516271,5.723875845930615
40512.27995307269,40455.63853626427,40228.2538775107,40429.65528676392,16.174224961619288
40421.10717693423,40401.870283389544,40190.888801593675,40328.15176643245,31.967975644496505
40117.45351290888,40185.60872970951,40032.03290582841,40117.77574592211,0.6227204998506264
40545.03982870429,40625.5446638095,40449.086979207175,40617.21582423951,51.94662135381732
40146.212027838636,40328.43785750295,40153.091629146234,40168.15149456523,64.06346811524155
40322.42889056737,40327.51212066948,40208.84680190191,40280.95320157999,41.873638697241354
40001.76137811586,40111.25858175857,39829.95449916243,40024.04274198149,41.73402893437681
40044.66226996069,40120.852739920934,39993.183537723715,40003.17404368255,87.72788135202104
39919.80447692581,39834.833075899616,39677.39001069104,39805.573655183805,61.190191530660044
39554.712151124586,39739.782510788675,39473.03992254675,39570.04786268728,26.35023137639734
39330.083723626085,39398.668904964055,39217.47094755625,39342.00860250028,31.964591344566728
39646.43862829988,39793.33240893908,39623.31869583866,39693.005833248695,20.082463175551624
39629.49343467218,39683.871106568135,39659.952946891026,39666.40814878678,26.464300488590908
39514.63688723391,39611.50040827119,39407.483677393146,39513.26770989116,67.01622107681499
39586.182594237835,39728.169582380826,39577.50287507731,39624.42510270773,63.77639240989349
39668.081320295576,39642.414142287875,39413.65541736718,39626.494965620994,26.164667977969923
39841.0445769375,39869.31138628619,39731.5776380089,39770.50171748932,53.97318654423396
39495.56432624362,39456.184458491545,39348.689092572335,39405.65038630176,86.06315236540539
39501.27910826533,39668.19935402958,39438.94122085199,39466.37116719416,26.83794308886568
39590.56503713027,39712.222288371515,39511.068448848484,39620.910134614634,2.489620104399415
39246.08112559606,39306.43615788145,39219.61839019567,39288.59047639172,27.608627230214356
39420.774607301995,39417.12974734173,39213.30470908862,39378.22953327638,94.07230534122436
39695.547498666856,39751.4112799885,39610.95258372303,39717.46584784202,2.05124506697707
39683.25198690555,39720.192212668844,39553.58980958242,39714.49430717107,12.155265842127537
39835.07824159186,39918.39403905102,39864.47382714658,39878.77549457604,17.372424894954165
39993.85524268103,40087.9921150572,40012.633875117725,40012.88958463822,70.63085882114197
39919.56099464509,39961.299738978756,39818.620397416475,39871.3884451361,97.86864884017112
39884.60835946221,39963.09658346803,39857.079666144455,39879.3417920534,58.83091408515186
39618.467070942344,39762.030931132475,39516.79434788225,39565.94284988108,8.849794918646802
39536.54818291521,39522.96120806277,39316.298291608626,39475.68224246058,45.79966556571515
39455.26929813816,39581.52899847623,39426.982527848944,39528.819837453826,78.30704694619101
39640.08701856138,39727.06695061007,39668.47141460773,39673.43993620139,17.90887670004172
39677.07543182836,39799.346083469376,39518.17748589218,39678.36236125097,29.58403662256137
39868.41610658951,39935.0180498668,39640.518036618174,39822.3591072796,66.75745005170138
39628.64909541742,39697.158306715784,39424.612197909286,39601.77786468853,31.783468340102417
39583.29068660507,39697.883255164605,39473.87808145623,39581.438409777555,72.885790569129
39540.21426163241,39713.145670732236,39546.95400660545,39585.29428668017,79.51474189765703
39923.997753257,40059.694167954076,39808.51279002078,39955.21253601609,83.07819743329445
39912.62994848433,39991.36969895463,39885.90102849798,39912.37920477608,55.12672572154956
39770.65841546315,39922.80413363604,39709.36797597608,39812.57587717724,37.879492144811245
39849.674607978166,39886.55342918197,39780.40261389189,39816.84612194595,61.8463078104082
39541.59301610577,39653.75683757653,39611.33601187891,39633.02343297196,18.627095238982395
39642.62910691766,39747.48987029583,39599.04599809414,39671.57420278501,20.456518823265355
39714.4523133416,39608.619579785474,39459.1862144222,39598.56315947576,81.87043763529637
39269.59033249672,39335.791925629244,39166.42711808806,39240.29764986752,81.7277792434617
39245.59921031745,39375.62051315455,39203.645646079436,39228.58033964074,40.68626250539384
39079.01201925508,39266.114476167255,39110.21654301439,39165.07172085471,46.740613963225776
38840.60528673487,38888.20500166995,38725.09724050586,38838.58706044111,42.97531133161054
38825.18883126403,38882.85581885807,38714.865489213335,38825.16022951821,45.23837883758185
39073.845167044376,39233.79611202321,38956.70839855335,39123.031421933105,22.779127608785487
39168.76914652882,39250.789890877146,39134.705551979394,39227.29217158824,21.828849202538557
39452.43042901383,39412.57756888016,39303.76601551598,39349.67761013447,83.2779154687269
39051.424515542174,39112.781649382574,39040.14372018888,39081.37826501786,66.70820761631524
39242.04846300953,39251.260260483075,39047.78480394804,39176.75793880231,97.57787580634243
39211.61450553399,39307.673906084856,39147.42195428962,39206.447855078324,16.0224867653992
39328.841411837784,39465.02009756309,39283.05084154045,39312.25690274521,92.34454318202008
39351.58036131943,39489.656819567674,39197.01999804859,39396.78262708698,76.55774595500188
38977.00654365137,39232.93207639492,39074.371184651536,39124.826481986216,52.75747455728283
39195.784271637196,39273.779351428144,39088.5384696959,39116.54631967462,65.32517670898933
38940.11733018413,38999.22136661463,38936.50573232602,38964.972147589586,83.76267275805617
38891.67214664355,39054.89833038878,38807.63194068347,38954.95532873263,52.76276328804467
38784.57631548324,38854.8631795831,38698.96542654921,38775.47514335226,64.73823913527784
39069.86441310605,39107.89074468916,38839.30318930225,39037.96921678046,97.67700791215199
38777.964650245354,38870.574290235985,38838.724377059545,38866.174739091584,72.02962739987998
38704.06238537339,38718.132529514485,38667.71823175219,38686.38630779848,7.847429634686753
38720.82682299863,38791.5107862485,38626.927292967106,38701.30358910719,71.6804475856938
38481.78759271113,38517.98372184488,38413.36490501757,38485.88377522639,97.38759284139448
38425.75337389097,38540.152706395624,38294.998557326726,38400.95111473982,39.072943177387174
38202.95317151862,38294.17876339663,38202.76192774394,38234.958195232226,4.342816097478663
38574.856627740795,38613.885716855824,38475.8670109054,38517.19260801015,72.73255927782961
38710.384135738066,38847.52650802318,38566.05396041218,38674.35337337638,30.914600374163413
38682.98376957565,38667.87021556233,38624.67460230363,38662.8594696833,91.79255660176942
38547.483109123634,38627.779444529624,38535.59075068509,38584.6160592485,18.25387900339538
38739.32758450133,38830.49304186885,38690.767932348834,38772.79958216353,37.666865536411855
38782.101181428035,38935.675771310816,38818.09383135953,38853.8403982281,2.3677019088988005
38968.7790159818,39188.814919133714,38944.73710416934,38953.45087916467,43.870247013668106
38929.816899927406,39048.726874791486,38825.36224208344,38948.21243169582,19.000372373062625
38547.15871154148,38621.23165559184,38540.5695741296,38610.56642614154,59.70923155990244
38584.80059411966,38739.97355762324,38584.248867348964,38588.07322962963,74.61865252807881
38439.846806229914,38559.94969515529,38280.97260577011,38481.57524578781,27.983988308161766
38666.36887071944,38800.720305664596,38580.18163382782,38610.58630047979,13.373120360895873
38770.571903637465,38865.44872937003,38718.6274133461,38812.95478707863,11.974356872335889
38669.43601487854,38708.80627765459,38651.31674093385,38681.36457812639,25.473670251566617
38798.22100621651,38885.038705738734,38674.34824248989,38775.0416249818,82.84214139631682
39179.505144977506,39162.65264648134,39073.74939572378,39122.217424518945,43.30692623621755
38989.612422459824,39062.20445223313,38966.73289882862,38988.67488040483,19.296424626829957
39298.12342546566,39388.45809435113,39301.0307901332,39325.05922841946,28.363721119324037
39141.798659505635,39193.8869711039,39131.70009735542,39154.54205898533,34.992453109278124
39163.7128679086,39159.40576409599,39093.35517205957,39159.13401010692,20.395671841312268
39103.48094169353,39159.1261541902,39154.46767797798,39156.90488773855,53.95282826303711
39104.94399413467,39213.55001167084,39157.53083887782,39159.20466771257,56.94768885174323
39033.63947963791,39005.66790606966,38983.624541802455,38991.669059330976,77.95808337367227
38882.480924938885,38907.83700146306,38845.98253070516,38873.43243857809,69.55145248244689
38759.509915375165,38792.146235459404,38583.56361908223,38739.88838130621,24.580421136504082
38798.02621084662,38835.994072402966,38712.62293060631,38805.2809003871,15.750628881122742
38874.22334612941,38916.19163743386,38763.43079467943,38871.287923289165,90.38797122369525
39282.15328587231,39365.57389515501,39273.854758374226,39316.476789636814,82.5634940263345
39642.762986124384,39677.227109962165,39557.169407715264,39590.67459089504,0.7439828640510848
39473.888903783554,39616.110396262055,39473.87668533569,39488.70594246734,2.342707135716826
39406.14008130935,39633.450141620626,39418.22140376677,39553.67986562658,48.882731865953176
39849.35686874238,39800.04068431881,39689.61902905066,39753.10346178494,83.83399694730528
39766.39168090951,39898.69179081191,39745.63661995889,39759.22382665264,92.53392899626607
39804.61418953958,39782.61298278851,39685.61842885931,39745.29551096325,19.396061097362406
39746.277220770986,39863.877727726336,39625.902337524705,39755.61049951723,80.93460419391567
39881.092652982974,39944.024775445614,39846.65109839837,39929.065825278914,41.60079030318201
39743.52930994521,39866.665325443755,39742.67646375755,39759.40172071787,65.19715493648026
39621.60066854647,39808.124613985376,39633.86451838986,39694.26782695383,31.5542205069952
39760.001265423205,39877.21898423229,39663.22522264313,39788.35445592313,12.597188679453042
39785.16642412216,39864.22485449834,39716.35720831808,39850.643870233966,70.75453195315973
39891.895436060644,40000.78145766383,39857.03534294045,39898.56042220524,30.806930834026105
39872.91469233716,39866.34313457868,39704.9132145582,39824.60018894448,2.9723206038613115
40001.1190891448,40064.46265686386,39878.336963864684,40019.10734677299,96.67930377441306
40437.86708553783,40545.04383205169,40428.19227006804,40445.88099621389,42.879515282372424
40516.805416559866,40547.452199393396,40354.33090377257,40527.164094949134,9.930771544245864
40446.04690062213,40613.198268728614,40393.36039924849,40488.52875463917,81.24265934068042
40675.72534441532,40709.74482332744,40584.51914365849,40639.676812418074,84.86043195889104
40525.90348589418,40601.515350501104,40477.938341581365,40531.85028506748,30.13500835540618
40419.63684933017,40402.60966361927,40356.18508017701,40381.9122161269,68.27649166038371
40344.75788121905,40444.80490157603,40177.080770782064,40388.47396564964,12.023668822261724
39905.32305867638,39939.639230697285,39777.06134683741,39871.91463905565,38.70808755549934
39624.20758912203,39644.31567388866,39517.99695767131,39641.12456632525,22.151697416532446
39630.98875374565,39588.89301871302,39542.71354197889,39571.53219514108,24.558338126439928
39301.890627901856,39390.6784857519,39175.03472981214,39300.85442351154,96.47857506962397
39076.320958383636,39114.10454830038,39036.950183295405,39094.32580313311,3.4675717592776434
38952.85671845521,39090.75376158003,38909.2886715423,39006.97613564151,55.07324685894167
38656.428803211704,38769.301926468484,38609.280124543024,38678.38307693539,63.640346352747436
38563.802937122186,38605.240706726814,38546.43957282849,38597.168717683424,33.38485670746899
38499.76242094133,38593.817619161724,38457.23937716302,38490.114684776854,24.30137768607369
38497.45282173161,38606.486315941016,38401.137000121584,38495.19572645386,79.6396920715657
38748.91238681926,38735.57372013534,38658.831831170144,38726.03253255266,17.10143123534662
38747.0983120237,38994.274381999065,38698.505857528,38760.533415851234,65.0539734904164
38737.6751663463,38804.02788047426,38753.46085678991,38764.74582011964,99.97941909292543
38756.61839905567,38818.264097434345,38723.316330262685,38784.63671152579,83.78018829799439
38806.94410988029,38982.492386311715,38671.88819819843,38830.11526655001,42.37176042268004
38561.87721898568,38632.495656807114,38588.32372723464,38626.76753682806,68.17011823740197
38615.3579503879,38748.659158198694,38597.07497201536,38603.8124718739,58.84691347229295
38579.953868901124,38822.84236549604,38637.22171932575,38665.56272024122,65.21096151384586
38378.98934105303,38514.07712111136,38271.45892896885,38391.41072373261,31.14353886070288
38601.47546012894,38631.1767625208,38556.63784055472,38564.54130829578,50.4986853195921
38764.2949318412,38863.42908603054,38698.62921451749,38780.81651518742,7.644866066198053
38657.43160558128,38660.31697333541,38637.46629030871,38654.54131749754,23.198686894714616
38607.80289865315,38678.944961805195,38441.170686476245,38606.27375920692,39.973933517692814
38383.571017473856,38452.352002217325,38409.77312429547,38430.63569064491,15.672587178064513
38600.4358990585,38584.11490909991,38499.41708041903,38570.51178736247,15.94877821397198
38407.285081078044,38442.09844544315,38353.03264449136,38358.267329873284,17.82747419358578
38303.420888440436,38369.91691877982,38217.23596092779,38313.7719278247,55.15196778665552
38174.73904203601,38267.94756314314,38071.96709837492,38141.98794626317,45.24197456707688
38145.57792763326,38185.45467812295,38136.6280471734,38152.17880166543,62.20613543236235
37753.83185352964,37813.73373461513,37788.69680569875,37793.33294736748,98.09875340482522
38127.07047369453,38127.727257158156,37915.857734637066,38058.62527584062,60.698097631788414
37818.801571086165,38086.254526501354,37830.41060897361,37865.70399099937,22.52656311392648
37853.44635993292,37922.46989403375,37848.267065217246,37877.68292762262,26.540702205610856
37823.01133408429,37910.75339471259,37739.54711895935,37835.178318668564,19.74327919913096
37754.29067614717,37815.326212216496,37548.178089567846,37682.75541628406,77.68312448004555
37558.56349896482,37539.397616725284,37500.94957797752,37505.19938895688,49.67997938457046
37730.33350484196,37746.61505651049,37610.42889129472,37692.47909766737,11.359702115882353
37611.10150534575,37596.503173724865,37538.25146177734,37587.350979046976,87.37175401284995
37637.546557469956,37746.92899083749,37523.78078365276,37641.585015974444,39.569732100773905
37416.5015811781,37537.62640520739,37447.177717941966,37481.28563889557,60.96101623657805
37325.345205964535,37453.32312200899,37305.981339921724,37351.84935252601,97.4617135912735
37467.53052349018,37590.329146645345,37327.017918037374,37446.298782543585,58.36017861484225
37662.417810138686,37731.4127628314,37481.61892910087,37632.38048176581,50.8080802789792
37528.467843686885,37759.96035039963,37575.724209522894,37597.31720130041,90.78337853392415
37292.23267905439,37442.197829073564,37205.31319461855,37312.933226972316,89.5472410880163
37661.136368121,37864.01267231162,37572.588845843835,37712.52444292232,45.58375977622314
37582.45765049442,37701.64721321704,37490.35230768069,37541.214581275475,68.25642421992005
37220.041563982275,37253.704054304115,37073.65453060765,37232.89710134112,67.78072977712924
37787.266518570264,37794.70440885197,37747.63775075365,37751.78201889475,29.645406728975544
37678.57569312176,37897.199923648936,37533.38140219875,37670.975560124556,16.32850267214332
37409.77354417496,37510.902334424456,37243.06860961935,37378.629022472276,56.87938174641619
37248.94597592557,37286.76934903042,37179.408551252,37241.941069114546,3.6075536306646727
37325.1653469104,37353.62355704306,37147.89987266881,37315.450048319,82.28942987899241
37421.91818101448,37368.79180617799,37324.49274673406,37353.51235983778,76.06270000038967
37241.366148295354,37283.24256941194,37160.26697887813,37183.166520387065,70.88324896785988
37526.170055487564,37707.28900155679,37395.2465973327,37547.71124041266,92.81548359608536
37436.69995785981,37456.417621460656,37404.47582074782,37443.39530481398,95.79903410896799
37247.04153679633,37225.39977961285,37082.16355618303,37206.45798673167,46.72163598942125
37425.01059342804,37479.352070578796,37395.88676877788,37398.59666642381,67.48173515640124
37641.269204307784,37738.62445189678,37366.411618555874,37664.40923573174,97.4575391688723
37435.24877157286,37594.92627539574,37264.03027094518,37500.91061620849,85.34524361235253
37178.98239341426,37260.29353150227,37088.421741780556,37220.641157600636,65.41373486793618
37436.823426167815,37512.35909378328,37375.861285895364,37426.728811083754,43.949162937202644
37012.59854740839,37143.251621623866,36964.42021194055,37017.26408847216,74.25466264308275
36822.43837879579,36796.03942979735,36689.41808435979,36771.93975659284,5.848812332782094
36944.576350481875,37062.66077840554,36830.58582649756,36965.428986602885,2.318130985007183
36932.69807227734,36982.40325514515,36798.54606264818,36954.35847699841,75.36172680069535
36911.574164644924,37019.599567914986,36814.58445969005,36901.57100727987,12.952377110789348
36996.23056842675,37073.35115809622,36962.350495289014,36972.134328578744,81.18856657503053
36938.94566413592,37079.99811632774,36773.329329010354,36941.57944386966,39.44667825224614
36652.32049188761,36807.04229771235,36616.21614358501,36681.842099437046,95.15194868375293
36916.0827842593,37051.52643176254,36877.834000275405,36937.05716863828,6.39844335824743
37130.15728583996,37211.186681188265,37172.22647069021,37202.05997921565,50.28864149288063
37253.584842366574,37283.28355952253,37220.648026004186,37243.12649197124,26.980628649722437
37245.12583265331,37308.35460564906,37120.265504107,37252.153295057644,10.108622912839316
37677.80094902381,37820.86923659004,37688.487812678984,37720.07825626165,54.11429935998462
37672.675999130974,37732.380856658594,37660.62393576928,37664.79168725849,0.6285611084429932
37573.30602642709,37654.197993726855,37535.524550854534,37612.876290891676,21.022065413900147
37657.756953992604,37701.10138765303,37672.674370182714,37685.77254073978,45.18048806925231
37948.9071012487,38049.44980278204,37813.321010122214,37980.03693196825,34.61686127110476
38331.066687494014,38331.4638521254,38236.1463509267,38298.591082851744,86.31708268399336
38166.587879395265,38313.27306406901,38241.42041804589,38246.87655651639,28.59004172280699
38381.3685844686,38390.75044138797,38263.302863897894,38308.54280570826,32.213345785552264
38040.88844786325,38054.247635982625,37871.44647438684,38032.92611229544,91.07459128410548
37923.26721134533,38095.09670399876,37857.84680517535,37970.5308907122,17.14652209802535
37860.01943262639,37919.59184515975,37766.46439975924,37802.47281161634,62.457999114755125
37541.79475275881,37660.27915867169,37566.13735871214,37601.10646115654,39.587402164141636
37983.581848353424,37985.04424804147,37870.345952783544,37937.421804410005,6.513968366284651
37853.305624823995,37950.227404317026,37683.306471167314,37778.96447204878,79.69140030261372
37608.20794759789,37733.93852726479,37612.84936984638,37672.64329044649,99.81086029378815
37771.012050660545,37758.76850008448,37700.13560864857,37745.81304802986,42.24560351089097
38051.84595612549,38145.97480953884,37944.26850683609,38005.378101424576,59.82991855889276
38031.03030590922,38219.54312482261,38055.5557550965,38101.60112670234,83.7106258979141
38718.71226691936,38737.135748222434,38527.27022845902,38653.47214950666,78.57387828659019
38664.83659022902,38652.413078985446,38518.73382639261,38638.53855385643,50.50523698834708
38682.90721342726,38817.713778675825,38510.44063370965,38690.28184190238,28.418985444736744
38777.34511207336,38885.63502998772,38722.93409117183,38745.40197669919,25.18589297807978
39055.1348705355,39063.118702741165,38980.1033214933,39032.41185405702,86.92546826322753
39053.82555252917,39305.25118323397,38960.182939888786,39133.85964427894,7.6750541486036
39015.70831736807,39151.12173151996,39059.74835537522,39110.61370420151,59.03244588152512
38856.35484924198,39062.19831655817,38804.61210059214,38921.11598522014,48.91326330359828
39003.85721992151,38986.495949337936,38898.692644759205,38970.00467641246,49.17164179449571
39251.98930504813,39279.08678794353,39118.27595228328,39250.27364267086,80.48808791219234
39166.075245432505,39239.375810748985,39137.08634220881,39168.197283939284,15.20423897741302
39271.017680836405,39367.780767148746,39244.09276966839,39273.986007622596,98.85224647041724
39317.58915090185,39350.58851031204,39262.34829542557,39323.21556535957,31.45815229797918
39487.31184497886,39635.4035163193,39360.96486144818,39495.91949703583,82.60194076190565
39323.35003442744,39414.5237040852,39247.6371150332,39334.96874890826,16.66763258991397
39753.941199068315,39815.794331641315,39668.193970424145,39804.29815501357,75.94004590076851
39490.37171405951,39598.05100050446,39406.4004575182,39548.46593360792,67.56483554369996
39371.66518613884,39607.40825029351,39432.31829925123,39475.35571561071,79.50708987561556
39740.5610663205,39712.88265135902,39567.775056066515,39662.97422379184,99.91426727880106
39693.35623051183,39752.94119792103,39602.04407222923,39722.32085829066,68.33749030756802
39964.82492859703,39924.68787937822,39880.32546360525,39888.318090106884,51.57752499611213
39836.1603924728,39820.36101961177,39672.071508105764,39789.09762331037,69.86653773312449
39696.748315446064,39793.48301505334,39712.18234434903,39774.1366267743,75.84330935255811
39784.52735677853,39900.71294553366,39687.33412304639,39776.58302350206,46.04230468421386
40116.14118089323,40106.024744985814,40002.82346979672,40090.434946409245,22.886959593645827
40236.55864099053,40302.43767132494,40197.56266006781,40228.520751285854,21.808107583325498
40358.42639642274,40393.727792295686,40335.89474904861,40387.85517295879,2.1875885223377023
40218.77234717259,40351.321748995884,40125.582790171065,40256.26995445143,75.84950295903025
40504.14536802234,40496.446124497124,40298.08659684532,40450.04648216404,34.955653974917475
40480.82490915865,40512.88747649673,40473.87667616211,40495.162814877796,75.8591528962227
40815.12318731495,40810.94729007797,40616.342089924525,40772.99187801339,13.022964601050546
41198.136083672514,41195.74361627763,41149.9133689048,41175.80390899708,67.22167706445454
41150.28084356524,41309.02689292231,40943.301855001686,41114.45075379168,4.30263095048905
40957.43065439378,41090.28511168728,40851.10850779013,41033.19012770266,59.37575313360357
40878.53386134097,40967.611194211,40844.03167779739,40860.38112948219,2.578002812953384
40896.4271200685,40882.03617087575,40750.35352485561,40831.665227138925,69.73644833190856
40744.094484352136,40813.96176619937,40694.72467938531,40755.26013734885,79.19721184827661
40792.04622643475,40864.978821952354,40694.40863678471,40827.16101726305,41.23934993119522
40733.25769545429,40883.536563603186,40733.83049239316,40798.2476538763,35.61121145075358
40736.85722764532,40940.73964554307,40535.03945419946,40725.92779771998,23.211579415902584
40956.641395548366,41042.16130247469,40882.490293975396,40938.844824945554,85.38805956873733
40704.64828995826,40761.502363398686,40643.021523317235,40751.26877871526,46.74449452710328
40896.5389479604,40860.29960605182,40642.69928651549,40837.89036934553,75.61932725683579
40713.207070618315,40953.47499212214,40512.58040797618,40756.702023907834,61.985555959292206
40883.9991614512,40946.34404645609,40899.8472162951,40901.575724881826,14.578796481049338
41151.89106104577,41244.84717857932,41087.39983146911,41178.628034226276,17.014208046699263
41088.79150720496,41275.76909039539,40994.04253380422,41118.008383541455,26.223898164066682
41251.43744955275,41240.27096848988,41148.87822493937,41206.21496499609,85.81689152499013
41231.7526227459,41372.29554641056,41199.48458945584,41241.97353814272,32.3940008543433
41138.55711691773,41128.76412327595,41054.96305671091,41082.0890582341,88.89400600889748
41076.61505574369,41146.357192406664,41061.88980569331,41130.246560182495,62.97693894947851
41217.185082920114,41220.07385444753,41034.32690024791,41188.07066123826,70.83120187647522
41208.75393032296,41478.56249180699,41260.50738253328,41270.64482532749,28.048035717505737
41216.49665751456,41321.71164410551,41156.29847422168,41230.96504596348,4.819273084596276
41300.03268972997,41269.043926805105,41156.88532500878,41249.80350602551,45.389182388492664
41071.90793502324,41141.532891505776,40997.33951629265,41020.281317056884,64.06110058260279
40993.71209160975,40956.718353575925,40907.21791428921,40948.65850196091,33.522998627454434
41085.59494609805,41219.178399497876,41028.878655409746,41059.851037902874,95.27243252256574
41217.45310337467,41295.21805528123,41164.60019598154,41238.34581536918,63.87968850537305
41256.32448848208,41165.33155510305,41000.1908622218,41153.88285054413,99.36639853215907
41224.31287584809,41199.98868131277,41118.60017351428,41174.82565643078,80.12917854915503
41237.351030933256,41341.52188524995,41060.485209125334,41220.43632145559,51.02808156284372
41185.54098565767,41300.10568196592,41178.29331776207,41260.732310796484,16.43249500379378
41381.79747542219,41377.4122853136,41119.738407636796,41368.88702785656,64.99339579877295
41013.001283868965,41015.2137004507,40904.08598542681,41005.27150177985,15.122532604109917
41078.198039035255,41148.4683121902,40967.282893807045,40995.406687750336,40.57048948405439
41047.89113731517,41075.97572592316,41041.5427572394,41043.21340799968,49.35845095060628
40897.65138859129,40871.06698746037,40727.75537129433,40843.147338208946,49.467485239043974
41139.044070811266,41215.649600238365,41117.852975969414,41177.944479611084,24.782317065616986
41101.80863720157,41210.673832966975,41196.96260634848,41210.25633305872,2.2997023187061982
41493.563174713156,41671.28643740131,41305.93983933085,41522.93728206451,55.32858272052182
41419.9048884762,41512.81223923033,41253.17679004838,41364.832677697894,45.17487165337809
41150.991549598264,41196.841379626654,41126.4358528272,41183.37265339283,6.381559992009511
41271.453391823736,41294.99541667757,41164.59642757531,41228.22309758596,51.76034373036632
40908.443125131394,40893.64097704266,40815.720502056036,40892.48542502023,11.500032888387402
40928.58299256164,41019.42761037721,40873.630594812596,40935.47854314545,99.18247487637737
40892.55610058624,40972.31538257655,40936.606267530464,40954.92238954603,74.0059908412132
41152.797376803355,41439.12225133737,40972.120318555026,41158.05544585445,36.38351485169403
41268.330826852,41313.32907788956,41190.71225059502,41298.26371408747,83.97298080478012
41211.44207085822,41262.87264630987,41012.846273026014,41214.76824411047,10.21834380187343
40964.3393345241,41018.73834858871,40751.52246737983,40995.26891315642,87.77807443616186
41342.86753424862,41427.70303868224,41322.8736064365,41337.72995742508,65.88735325468096
41117.897938721246,41337.159971906156,41064.19180715094,41179.30695331204,8.160935281857263
41041.89804573976,40994.59770428896,40951.66970355832,40970.202041898156,43.74461397397352
40791.30014824237,40910.26122119699,40687.38473738869,40753.230830005865,59.67588005099304
41032.337302444306,41039.28620461004,40971.738282923674,40976.691893113195,62.37328852823156
40907.57639115966,40920.144640846804,40849.17196727599,40872.91185222823,73.70066518563763
40771.13520119309,40818.80153688919,40571.012926677955,40722.17095899211,65.91136294348874
40724.989753869704,40770.73206808299,40556.471890906374,40749.70892417278,64.36884970632572
40740.87006935672,40776.829680094466,40660.077778659135,40708.31998206132,82.04461013212544
40574.52154006908,40643.652990974864,40441.12258500562,40572.70088990407,2.055898020963587
40750.252481740405,40797.87919867636,40527.13767703341,40723.49918329976,95.97131726551767
40974.40880933758,40995.77719079754,40883.25546333501,40936.562281719365,43.02612744680311
41128.61603911649,41212.27262501446,41122.69346180939,41133.62578350734,28.43965372987174
41352.42226616425,41404.657032875686,41258.69137549416,41287.00971743958,48.9617505304526
41421.99053824862,41495.615495080485,41224.160439124644,41367.534823665585,94.02967141195782
41095.55816982,41178.5224097917,40955.495499638266,41012.35722367322,91.89039860653308
41381.22137893671,41353.00189698766,41261.22273864729,41346.20738494861,81.7719090762161
41410.401597026226,41642.628085585464,41334.16057734302,41406.605227020125,22.32579788869622
41470.241019466455,41583.79107284731,41467.646677742625,41528.23651254025,28.59716668086325
41793.05417365836,41795.18120941312,41622.203129040485,41751.22897712974,82.90184204583349
41958.79425707251,42068.52672653665,41958.95616705945,42037.89947770613,65.22104825388213
42127.93807150486,42221.4940649877,41925.48770553652,42121.57907996797,24.59390012306737
42187.00550493014,42305.294630331504,42175.13433093269,42208.6883118271,86.91214310911813
42080.373031783245,42304.84476717223,42028.082237801376,42088.843456335155,90.41344296464084
42066.83816444578,42105.49157682409,42022.73721845912,42095.46140656291,63.49151805796724
41833.134493017795,41994.96916361932,41839.488287282795,41924.629154400034,98.4630690495087
41709.70849479482,41810.8971482005,41691.79938995318,41780.64104797166,55.15345026909198
41650.8075564268,41711.1600551119,41490.793836367644,41601.92616750882,85.81437831082374
41591.699730256405,41671.47687688766,41456.93695280421,41570.721389309365,30.32221703991922
41759.05431000453,41837.22696413747,41652.98509895231,41780.540026893366,95.20674909113576
42467.90137452019,42486.37939731005,42385.27504037467,42414.7349815514,36.214643556309845
42433.07579164511,42503.262262378434,42234.06695641486,42452.63490906099,9.95496028419084
42186.691588454974,42231.90053338526,42103.71454621028,42182.95229150976,15.513417579888833
42485.91699587973,42512.303104129605,42273.44481519786,42435.948957481014,63.345201180952884
42358.57203226805,42486.69945536524,42301.809110400995,42375.7921821858,75.71847196038249
42194.98640564868,42262.932074393866,42142.243552625194,42243.67046339041,5.472602233570189
42332.794697255784,42319.98214538328,42189.819548947096,42285.64035897502,46.95125756211438
41957.38567928021,42122.23645685963,41775.97834648776,42037.515439063776,78.42070615918757
42070.12728317206,42203.360432140944,42009.19498909016,42082.00807186549,52.69841858401602
42070.742751245176,42184.62179967727,41990.083120506664,42064.332967225666,41.887049625538666
42064.39242081721,42247.38815035403,42075.79415257711,42084.008548588754,17.694274963944977
42289.936498695286,42249.90851880552,42007.80161213416,42160.29179943059,11.36394299227913
42135.02567772592,42197.95556714187,42129.97234573028,42173.79025087875,33.30464759883648
42163.81202899968,42192.92306070796,42176.51870181435,42177.05786770133,28.49489068592491
42256.75863251226,42351.73970794908,42062.71228529708,42233.92077150092,36.77280065772969
42300.14314794614,42439.0126124283,42146.44226648646,42317.000896735146,7.618277560603925
42090.45771573341,42204.85897220367,42029.58541839585,42110.7044046721,22.601920833354473
41877.753535425065,41850.17770660438,41809.77006169971,41824.706152935,51.531668303039346
41807.693842540735,41994.7864977086,41738.832974349476,41812.37854250056,99.16130877268311
41605.44607156873,41583.702295813426,41494.53479178043,41525.83144451374,41.57630118712737
41452.64742689424,41635.82704600812,41477.996117263545,41543.33773869807,41.309205233307054
41736.25999877443,41764.039358051494,41631.96454013503,41731.08711383454,28.412207432484003
41867.77150246009,41895.09103485413,41837.61281014788,41852.509448217745,55.772096795483584
41713.11076699446,41843.69029479034,41532.54300676313,41642.87536685265,85.98698878195782
41489.1103881005,41564.61201366809,41451.817996603,41470.82287646115,66.93856929386016
41541.34686398838,41621.806983888826,41495.256747394924,41536.4831354613,99.86836847789469
41442.46674951607,41494.95491818028,41438.361554552,41456.223574434596,94.52764163901138
41470.83697900657,41427.650966715715,41314.724400126484,41392.89251542417,84.33586852698527
41530.713190541945,41842.93124658483,41459.80977141722,41512.27381167377,4.175250383914464
41277.488240386025,41465.83643738004,41176.706803191424,41314.81647298223,75.47686263302774
41218.17184842906,41254.92350104046,41140.021912645985,41234.569531,61.58835859767085
41067.048187659355,41282.99624931923,40938.383927788505,41074.55303578308,74.58146450228837
40832.36324125394,40866.6208802966,40812.42837303068,40865.927136176004,97.7454206342046
40714.4125657949,40885.50055463267,40684.915568700984,40694.511498441774,22.0474747470193
40870.00918886994,40870.84947547846,40740.36324395185,40830.003932311054,36.138092976430244
40868.05745311869,40950.82345235474,40701.64986663015,40840.36801020754,55.258922601544825
40628.870298442744,40671.147407035845,40564.79657829332,40664.53588444053,33.608672197283965
40573.78081997066,40660.56543460447,40560.66879918301,40618.315562921925,86.46247164479412
40290.328988334884,40315.71973739213,40246.554017648916,40290.55410149749,54.253746423823515
40193.161348398935,40202.58180449876,40096.34452953257,40143.89153998076,0.5253243424018339
40582.72039300219,40636.4122741432,40475.448713376754,40573.806446954215,91.10026333029317
40509.56701945689,40688.777118253514,40499.5583058378,40555.757677021065,52.21917500837918
40666.36225860818,40852.76953532209,40537.98914048419,40702.089462427146,68.60347222250958
40740.05448779013,40728.299426977595,40659.76351369401,40688.99178739825,50.87212701178259
40747.010685994486,40788.00306552318,40615.3151453398,40758.62563444661,61.41106241014658
40899.02308011733,40978.93043752642,40852.90612223619,40891.27725238244,98.09949159900134
40690.35360228722,40782.05298881868,40646.60467364501,40670.353932877144,44.17963400768898
40797.08603803136,40691.52225921314,40610.891164763256,40664.16668142236,69.79683801484138
41030.111168467716,40989.04298709143,40932.82173602133,40979.93972030565,85.9429239647857
40751.37542102705,41003.73727382458,40786.83115737665,40820.83961029499,10.450827333614876
40711.11922697113,40747.14926066251,40561.23107314235,40707.55163954855,58.13399709956638
40639.068978843134,40827.163954557174,40532.1535585044,40646.01338407515,45.8572410322507
40704.656311620216,40786.72595731039,40699.31571573763,40699.818198710396,99.21747143166965
40784.646006418945,40850.624686809824,40707.6430017197,40804.801771439576,93.69734994912822
41026.876642611365,41172.11649822481,41028.04998003554,41058.284102403304,18.620379405585496
41129.78388629262,41171.09996652108,41077.56017847115,41158.183749097036,9.76049194770633
41086.67408457654,41152.17554372805,41114.08192914553,41145.77312393737,45.36383438428525
41374.67125734173,41468.11466000897,41238.92002958588,41397.60654985953,1.915172456861025
41453.239979998914,41593.576108967936,41459.56004587899,41538.428754287845,49.69633606718483
41163.76147144587,41320.54445565501,41225.570373610804,41239.29285103644,73.8442577928883
41743.625759741175,41767.06130401408,41666.04844658495,41744.56649910764,88.32667376244584
42159.21145835111,42131.38088741924,41947.89375568506,42098.55077674699,96.32381583900451
42122.884926690414,42174.011229931246,42007.26694853845,42064.90793219357,91.68780092264966
42190.292157201795,42153.17553983753,42029.76111033846,42140.48995254127,91.39448365943615
42396.260987065936,42785.52772403715,42391.83344939262,42405.36170254044,33.487297782236126
42433.83137933799,42602.43860740165,42265.64378239116,42370.92154400106,38.6586580961123
42517.53721577809,42530.97456185323,42311.76255957775,42516.991902076465,81.42140833269593
42676.88881830554,42911.79331759184,42639.37670484816,42737.90759679076,46.71462831619297
42503.93842535172,42539.4807516585,42497.65840345042,42534.94241524387,15.056139340424634
42424.64602565737,42419.78987847145,42265.85246426003,42414.4760445273,45.426862717785724
42601.74670459648,42793.71490285239,42587.591586395276,42598.75772408942,36.99197071704843
42746.52887302384,42786.931176113605,42494.95908399586,42690.92061951918,8.532226453618353
42857.1859381868,42954.02985798062,42769.6098067414,42875.67993158197,35.041305063733816
42837.01691277165,42859.91823181778,42770.03653388737,42849.166328651234,95.92206129214125
42864.14962147663,42792.76373994631,42646.500812000704,42791.36528646039,92.64741227056945
42381.40760302027,42449.5316264829,42335.971940457195,42391.63739134371,96.91380205809334
42150.622427752416,42221.318625995606,42081.88087110147,42162.43730604222,57.16827725028567
42182.28333860186,42188.465838534714,42033.4464300304,42171.85052497392,10.589505883437711
42377.69201932067,42474.90313395499,42293.19549926256,42336.76196888676,22.69883505853261
42456.60091451773,42504.261498230764,42369.61345896589,42442.997642193906,18.636537129915187
42444.64197314322,42455.4782343692,42282.53792847442,42417.34924738837,18.865358487002247
42427.56444979184,42487.889827397514,42348.44729144974,42362.994934090224,88.83428866520634
42344.36625344772,42439.45464994434,42363.90107212698,42406.43086061788,20.401770556186914
42347.30630606275,42505.55381318976,42413.269114637114,42422.07309683631,37.89654833325691
42714.053607625625,42826.520439025204,42578.134852435454,42702.982199824255,9.306691119780186
42706.8254982533,42756.65073363382,42621.81063174094,42732.27035391991,3.650798842486036
42513.40796038791,42454.9757283061,42233.08256918695,42436.02116148044,94.78507456937834
42218.2149904189,42224.31234517612,42081.7119426251,42181.50953447398,76.24151918334886
42488.35064108258,42540.95823355076,42457.33755501854,42485.26140186669,43.48938417157733
42296.86431738695,42424.6534900067,42232.26606442344,42251.02930957668,16.88167193300497
42316.51408050368,42441.60721109414,42350.6747207273,42403.928800183385,98.04038856124353
42319.686355438134,42441.15748576672,42297.56920886987,42350.25425314151,43.416326511051025
42310.07901532412,42330.81961878033,42275.42809247067,42316.30259436101,54.45539084643315
42377.749515506424,42343.10928992722,42128.326188689825,42289.476037807326,7.542379761193785
42574.410816588075,42549.45997598495,42515.345805757745,42533.75302969917,27.954335670681406
42506.5182716159,42593.23058854659,42476.97855289427,42495.184663990374,26.233393229045753
42500.68663006751,42545.297531573364,42453.141289342166,42488.520807421344,13.902396817352136
42230.29319967235,42241.47607483368,42171.96699736289,42182.360107941444,89.41843962172221
42241.68949676485,42331.957347330135,42178.80015734321,42223.698210283044,19.38191625456529
42338.840222105835,42366.70707760671,42214.38007320713,42329.90671167866,3.0802590513064443
42470.48380712022,42414.62469856798,42240.695813586404,42377.73582780942,98.58597970824256
42633.17406904842,42685.94690810776,42465.07646874411,42657.31508002676,93.9573570632062
42680.220091835734,42706.821136192164,42539.46327911342,42668.34935098281,72.29464663742709
42739.31908975417,42784.24513105638,42626.26648885868,42728.14484220662,84.14409645573618
43097.48623401856,43135.58903763963,42991.68401117755,43057.84564426025,15.62398706369782
42748.28282424359,42749.3574849515,42658.63895329709,42747.84280638862,7.99774985142907
42662.36966659443,42770.84253137635,42601.48879763611,42656.677736828744,86.4217510256836
42999.974655098275,43069.32498998411,42804.7764904075,42941.909487232595,35.84847052923487
43101.23658506456,43295.6051208337,43052.0467729644,43129.13531689481,32.277627257375094
43324.63208567742,43307.84922514122,43160.329511278986,43264.81133666291,68.86950963097476
43367.536371152215,43435.60167740491,43311.35103822842,43431.34148455581,75.70406021657105
43523.897259653924,43535.58360777683,43229.9485915234,43496.75472638001,61.36857412148235
43861.45462319259,43934.67186468914,43774.07300438242,43823.074211886465,9.52878730332941
44000.52712176644,43990.67986214175,43773.122148302915,43898.62604583261,36.527262542777486
43988.47037143566,44108.62687725392,43942.36003053085,43946.59946701166,1.315773292702016
43888.00656502662,44089.0103491219,43955.312383170356,43978.39120183679,9.745943597177586
43983.33641794905,44116.81245743991,43885.986552240836,44016.96399294687,72.83704043466166
43806.27964628107,43854.1824881758,43691.22126316818,43785.5605367837,27.260454642023156
43938.74220805548,43960.15723701833,43836.09848108867,43939.695147676364,15.96203893395357
43882.336346208045,43982.21738303584,43854.1916048218,43913.6072009197,98.04555995734103
44292.09184750542,44437.21128332334,44159.76264964929,44277.99022049178,82.03548722837061
44219.11629002242,44266.27910311567,44257.95616179509,44262.86012637409,68.21466045747867
44372.85890236041,44425.192249105414,44280.57941597824,44347.04378320923,32.55954039945239
44450.85749578726,44456.150208248524,44169.358341216015,44396.364220461495,16.77830538240167
44264.87412248166,44321.860469047504,44206.89340744045,44271.25281343964,81.61028610202337
44476.65652499344,44538.52479301543,44451.0427969483,44469.680179143346,92.65393959870195
44928.56852376521,44871.692961166365,44822.66143139328,44850.69290725535,86.36940567691092
44826.49187226459,44952.95281100724,44759.07160313038,44847.73746332338,25.262197632105952
44795.68040590042,44878.43211437006,44787.25080413445,44787.64170620629,8.918466904245614
44650.87399957099,44825.95857824119,44570.45882765919,44716.63595999522,50.41977531598213
44376.474989750575,44618.13434624044,44318.27598807882,44338.16358133175,77.31215369141347
44309.69780030551,44335.17858504965,44258.603460706196,44302.60095259115,98.16430867745858
44410.014262012926,44468.042148688764,44224.887045206284,44352.80057579281,91.5871830345606
44536.65514328966,44652.57535983375,44459.47278624404,44563.752160828866,3.199798776448559
44758.77997093464,44791.92895479429,44690.200998330896,44755.761709058854,2.2070485630294456
44671.882884179955,44887.83384335548,44646.74647172145,44672.46189257152,63.17240104351196
44638.39854326189,44701.83812916489,44581.41636636193,44617.09729361674,12.780217587796361
44885.345031416495,44861.7503393705,44616.65366889382,44841.87835473962,60.73793992665719
44790.58030152094,44964.71626309827,44731.158024844284,44807.18557532505,0.9403614921776104
44716.3411735501,44790.09118852097,44591.664074172644,44705.17966737393,74.17014481027974
44974.387456834884,45106.57287695427,44920.41524623413,44983.68335726078,38.71519812392058
45187.422495319166,45280.039901628144,45125.81417207296,45191.200490670904,75.78807086841469
45170.89604233313,45246.60759322061,45189.35199922406,45194.95884902576,69.27212161175996
45072.175654929604,45084.53598799469,44858.90376749213,45076.203359470026,47.76399317454554
44683.236217907564,44686.932740542834,44666.954217927174,44673.827295621086,50.86327158075353
44857.32764047881,44879.677617962654,44768.636086721526,44791.76801673603,9.020505270287082
44616.93029289122,44745.82830011466,44565.25945411621,44612.49407222559,64.83601865107411
44144.30916471114,44256.72607148947,44180.07888534028,44219.94767039744,64.07550826320475
44508.226367188516,44675.73512573423,44458.68371490746,44536.911775867244,81.58320844374963
44693.55553288122,44924.02559674615,44458.10532814465,44666.505334069225,4.916908122774344
44433.64482093281,44522.31425588297,44320.18188071122,44438.70369544583,18.777359038727948
44146.09581983169,44228.93266100282,44055.74565430596,44195.82341885398,66.29584314900872
44369.08012372246,44397.0038886453,44292.43942173525,44370.0157752883,55.17326243148614
44181.63807670012,44321.134746043135,44081.663490566265,44194.42165198113,41.4871122348149
44489.210487155455,44472.02697502987,44436.92678426401,44453.6516254867,2.6965109900982887
44521.75139171894,44653.574453206646,44502.11363190414,44576.94348801194,83.40195053230387
44646.76899092785,44728.22114717325,44654.97571919941,44684.2627921253,29.012789436184995
44799.71076917537,44908.85601917508,44645.56869976103,44765.20188324816,36.478893161475625
44834.29777471055,44912.07178012354,44653.581939583804,44803.49205765294,45.553090333509104
45023.36833568157,45117.70430609666,44848.5012768099,44979.594297488366,54.49269868226653
44819.608282019544,44980.81898819717,44880.383566480756,44888.778224985246,24.09410289485888
44979.1815925864,44921.997241714984,44900.38653805987,44905.96861967212,49.871122798529896
45120.88665248447,45056.59326365664,45031.718739571166,45056.35793720756,92.53807605539886
45225.805272363155,45319.220917275765,45162.89522471617,45168.95588092478,20.17043196121371
45020.775348887124,45020.512099393,44929.380584932085,44929.958519871056,55.05642152630376
44932.84195126832,44856.380646634134,44822.876349835205,44829.8765864102,97.31101379629831
44959.304763251006,44993.40962339373,44749.86893569707,44880.43728749403,47.97668145537523
44807.8798638384,44833.73470189507,44786.29447012487,44798.83434568605,90.5120589891073
45022.11593508839,45156.347034039805,45057.410737383914,45153.76605788072,3.7980285457522744
45118.8280932618,45231.376292316905,45001.9089361168,45075.135418929895,52.39174387012761
45019.55926855761,45104.42596406977,45042.44985028695,45042.69172941456,0.28745122595924544
45167.9917759788,45248.727189181125,45183.56072644064,45196.57776505002,27.098764924068597
45291.52705908336,45370.77898068249,45162.637211730755,45262.684313697,91.66328631625821
45252.53581618088,45322.56701307157,45174.969233524185,45233.62942225605,41.54470296054142
45091.70287754391,45096.137880924456,45013.158462827516,45082.3307164799,46.303846514865945
45132.797531719894,45263.093574624174,45127.025486523664,45142.63352795925,40.307378382107274
45332.345155590396,45638.59888735133,45348.33247734147,45350.45281603493,73.94691347566064
45535.664566648695,45505.65805239284,45236.036803306524,45446.27186085458,39.81740946363909
45234.47093684821,45366.94673609785,45204.787077670924,45290.63515656335,51.09958520181428
45526.415949052905,45789.83844053667,45526.972944673566,45637.99014795869,6.342721104729387
45361.634741496375,45372.221022490055,45323.21719252681,45348.674569951516,71.32956444139
45011.15222778745,45043.368210433684,45007.97486839352,45032.13744159096,53.4321355914804
45206.01288506645,45263.48631924832,45167.22434499788,45224.248886482404,97.3568213042448
45294.33139792076,45334.86563272144,45215.36345300153,45269.41698220294,87.11270453663174
45116.84875124124,45262.99680141719,44985.58972975427,45159.51727294213,34.54455613682293
44906.309876609754,45017.517878385894,44876.67874715741,44939.80312743106,37.24576261192807
45331.088520205165,45528.557720970224,45359.934635426966,45403.96309528712,66.02782725183921
45418.04531397841,45571.045336186675,45421.87761055065,45427.381269718215,45.844654353868066
45383.91892622989,45584.086968452226,45456.81107100098,45534.22150388737,55.46113782765596
45594.241387798786,45653.56726933755,45501.631633908124,45597.798523335005,97.09661194688964
45695.534946975815,45720.09680375277,45594.497729092625,45684.76011488124,9.065767363377741
45791.31283531732,45867.07410464703,45725.80068168741,45792.779006986195,59.478563097981905
45943.71312945028,46023.662700272966,45762.55065070066,45939.263808937176,67.75899254634383
45857.999644759744,45898.51698257173,45846.877242542585,45864.21932878504,21.937074058026084
45802.664294605886,45993.202897751275,45804.75990527846,45805.890931514674,58.60947340466732
45469.161090204776,45614.782840710475,45365.14011857842,45457.68636984289,77.49496601910047
45354.06434779449,45432.64514026254,45195.43808694253,45301.62548854258,28.550789204164673
45347.37112594586,45364.99173115104,45354.69460022361,45355.848047831925,97.70109413097295
45588.97207853161,45565.8785046284,45486.04348619679,45564.85272293246,13.026561850456453
45698.81315408621,45864.805549069715,45654.78634087582,45684.6606282077,47.39271096448543
45678.8870412513,45711.244586561486,45505.957041791284,45616.52215943211,72.88710977197911
45357.47185667027,45366.817017372574,45273.10731595245,45363.887577015084,44.01907983589616
44786.021458804425,44837.64961551471,44771.80104640439,44808.4157479296,51.44907981118661
45073.63974182329,45058.11625398686,44965.75316079622,45038.76254288576,47.48157201045174
44912.642342730294,45038.63995102344,44907.98265863853,44920.91674558372,5.361307361250212
44848.03790823926,44935.22292281358,44821.928750738596,44831.22374434291,32.14823774468441
44865.82486475368,45018.88083907441,44750.15268479822,44857.53853792453,8.291343438527822
44610.16842043408,44622.890768332756,44332.55812879255,44576.42652844615,76.03151258395087
44539.505929915824,44592.8822255616,44366.848555783734,44506.47009242384,47.75896508861823
44975.4516863704,45061.810798975006,44878.13136044055,44911.16448237783,40.71616214133539
45001.21891521204,45012.53834523714,44896.21586298666,45012.241870093305,76.09289361615616
45156.60057136401,45261.79606203365,45059.6675917093,45084.091701396,65.71192323982044
44769.2752723356,44780.542089393784,44724.65656949122,44767.59280579964,41.32735428480097
45175.34474543077,45424.63663490747,45049.54426679137,45216.31318471617,13.38979465850394
44970.621954207345,44999.928755361696,44925.670555747165,44931.7542029909,48.25971011312484
45251.36434628745,45377.32574552929,45237.489347083334,45316.21915407978,19.243695667565554
44919.700917448085,44964.09293305648,44862.274360980366,44893.20795104222,41.94844279064248
45188.64362894806,45319.43384048456,45018.41727587913,45174.28103878711,88.07517735309031
45502.208465976284,45551.44294956107,45446.781757686775,45497.891892587155,27.588768368261952
45316.314129796854,45372.96695435393,45264.63346468486,45333.010068321586,43.370832238963295
45402.50066250403,45510.83392686557,45398.227915682786,45417.52614277616,3.148061969134963
45480.12266034799,45550.89988888162,45447.23614728711,45527.022257197095,89.40300312162958
45387.62406405325,45467.17465738076,45157.876200330255,45364.26336055083,7.953298475053872
44977.01776781445,45171.74783881841,45062.65029995361,45074.43983840344,63.446335906498966
44826.33361696197,45010.57296993007,44711.36036822478,44810.89636977529,97.14258252649743
45020.46082275939,45024.41800357546,44789.14677259362,44919.09801376725,91.31141264060845
44890.56348922916,44935.243927817886,44810.414606053746,44902.07489326337,3.0958352151749358
44781.77364872886,44805.77756493226,44733.221257265905,44789.21468660294,27.020711021750408
44817.93357275044,45023.07891778238,44917.150845990756,44982.568288836235,10.770604491084123
45109.30060632082,45258.71032798329,45005.12715735425,45084.18187071453,40.551030278520585
44886.24778584796,44990.68288619356,44886.85519397361,44933.089325441404,45.27424026010536
44671.73008616668,44848.9588773275,44679.86358267065,44692.84902163793,16.72002632242222
44858.232134023056,44910.655293577554,44620.693571327305,44797.50136937554,77.45380698558401
44708.15237053041,44719.60786110375,44657.64663500151,44689.98469566393,34.89379936511554
44760.64444033607,44881.23132744231,44704.53421490558,44709.825668170226,39.9165583597767
44984.27773357402,45041.0088828186,44966.74917912788,45025.08546269577,29.722276407847325
45257.65435227572,45251.923872898355,45089.9265156622,45125.55111071073,28.6549744755888
45003.07721200994,45119.60265143912,44882.946997866085,44953.09771076008,41.999007061242175
45019.44478066096,45026.457175890144,44935.35966076678,44985.22994872404,41.024807777965044
44863.63196366985,44848.440632848644,44625.08375845393,44794.70095816096,51.5170391237707
45122.23850413382,45144.673234267175,45053.822541207905,45116.4053893507,70.88991996097921
45029.135999308026,45113.34372086917,44950.53126843959,45004.08963943006,11.177125450393731
44980.29742333738,45057.95561759816,45029.35465453214,45045.54378882478,9.302191258094384
45165.59333459106,45290.79837254744,44984.41427408204,45107.09030376067,15.54304097683663
45117.57354845223,45139.79589003604,45107.87658610458,45138.940397435406,9.617729867497305
44771.57443684557,44848.93222657058,44659.54456562213,44747.2306064081,16.263060973877273
44504.944800533514,44643.18065928094,44379.9916757385,44457.94639361143,3.1235050071038883
44357.792772077315,44438.80903753683,44348.12245527183,44367.47633849762,82.70312264773719
44437.88603140478,44607.585594918004,44376.605850676584,44431.36270516392,80.10966280216822
44321.986323026256,44486.858599211024,44376.12566976228,44403.80686230677,2.3823824301848706
44274.743211956586,44290.49409429479,44083.920301504724,44212.37736767656,32.50000451770432
43919.91510328441,44030.26068657428,43938.456550764386,43942.692503852224,62.64937335224349
43823.00662893903,43923.7791257993,43695.3925603559,43862.38099495236,15.322217358128288
43715.941846425136,43826.331251312105,43607.60074407938,43768.68578601641,17.165407174702107
43801.10831319101,43875.81450581244,43776.468402097446,43871.25307753496,6.733397717042799
43823.0051538681,43843.184940259795,43796.124748774506,43805.9893851033,15.748973386597054
43964.84305845354,43970.926917293116,43775.464498904694,43926.530916389165,64.71246695797035
43768.04792169932,43849.42129731039,43750.25934340511,43807.60096244508,62.9747054072424
43784.81363620295,43924.98223364899,43656.06398880107,43756.40942860223,26.703751318270463
43771.122041517665,43698.5476514725,43680.701069532864,43686.800152673706,25.80616552029008
43440.57142637851,43533.82196153206,43499.6102458276,43530.32675929329,41.56231569583312
43681.20427994201,43859.989804204844,43473.11123945052,43655.35049058004,47.87675865181756
43423.36339598628,43673.60031043428,43432.08951635951,43492.63129116113,91.75899818695244
43412.68102509633,43574.2553497297,43205.50145501501,43388.30298916701,67.74914693891773
43325.98778779469,43415.109743369765,43209.500229113764,43373.67905997737,31.99754636984994
43134.84004864508,43126.59909147319,42981.6738007929,43114.20312878602,76.55521754937645
42986.48783609414,43076.61189483932,43036.86203817978,43049.21613712192,44.26567756289389
42857.89807592563,43039.59271442418,42900.261632328074,42906.954865173364,58.94016227082391
42701.063832572705,42943.22140774354,42699.98298416206,42829.32402667691,65.62980818385479
42793.06335656338,42915.62254812444,42700.43052948627,42817.3384261427,32.51301980391417
42738.95383976489,42734.0520050169,42506.33975953897,42657.35570151456,50.06287670715949
42712.4784275777,42730.94657319587,42451.40821177714,42613.34054555049,10.106348046920521
42839.09304225173,42900.16653569905,42737.35872465215,42875.07429602093,84.70444816668272
42853.38071594634,43047.53508677104,42813.12293420334,42869.91458437003,95.24166766052585
43118.36637624574,43262.236495588964,42915.099726409586,43098.967018973875,90.18386161690395
43087.547516792634,43241.63825616073,43036.95764837089,43168.26590737523,4.475363224017537
43411.24255653075,43333.502910405885,43212.388811751815,43323.09802933899,85.28736531611916
43183.16807638867,43256.32873023022,43090.910349424914,43168.206235584825,84.20740774165903
43203.26793491476,43198.02498107517,43130.579480103166,43189.18766860193,13.066903155155707
43240.53693129675,43242.7373424611,43195.386290058574,43215.97025312502,72.09577327933194
43088.13455567932,43305.79774764805,43049.08470569812,43093.44510535004,5.3849428547746765
42898.32724079133,43068.564349254324,42907.909601292995,42928.87944049118,81.18607495260173
42608.414909817984,42674.10908977076,42485.609088685145,42630.82636290972,80.20271444867748
42889.501754950354,42967.55116277036,42899.474005305485,42930.054290300046,96.76485225106443
42738.09833896865,42785.018256735726,42620.321714463345,42735.57371242955,43.394676822769554
43056.40720300305,43080.95704382362,42950.38237108397,43004.81792707401,49.69006468502262
42882.202544429056,42918.42017286124,42786.092310583525,42911.319292342436,43.11077053757337
42696.59570456115,42788.173817446994,42724.88727816136,42738.82063239749,51.03743120371347
42882.57152921881,42863.686742182144,42826.90367050647,42863.32446045849,81.53659233820686
42804.84021931855,42785.11478305695,42535.714337472295,42737.086072109116,86.83731988588865
42819.24348006496,43019.11458401795,42657.01811495205,42850.777855893975,1.5364315436883658
42768.35994232613,42908.28812680706,42752.59948288388,42784.21550292353,66.82368000372799
42879.82340104642,42900.66190403503,42754.266780174585,42880.30040214709,62.41946134580741
42643.82167447537,42729.492415435045,42638.80189830963,42686.66318936567,61.18705901806689
42762.83411226161,42869.47932738619,42841.708624489096,42852.93340096262,74.95912954292203
43000.28990878561,43069.85205109204,42873.60984708802,42950.52793749522,73.3001151958095
42606.005425906435,42871.48585112449,42624.979230850106,42766.59779948269,10.740688994765035
43303.490006206564,43352.04602695673,43261.438543872944,43295.184943685636,71.02950576567532
43314.37772418273,43490.33597592719,43401.87253491468,43403.20954896574,82.9111747606185
43878.00742867797,43927.360043876004,43770.88873463899,43861.302963071845,1.226352777409434
44192.783204635976,44298.76271220243,44128.442412563294,44181.3565268216,31.972703096715726
44147.64416326496,44196.702708110955,44103.27314077016,44143.58957077804,20.015914468103745
44147.49306840256,44076.32527276858,43977.24932577897,44061.13521985713,1.8795099960825845
43958.27038227295,44038.16594553289,43872.82459823117,43980.44338317297,86.86856802136063
43649.67563573902,43771.61274683673,43461.94041866597,43614.43767308741,53.76187149804331
43448.646056946556,43478.05548726817,43457.69935787238,43475.2706492175,73.69357186087345
43501.68177989114,43598.72940735391,43436.951228090045,43524.623854013495,21.760226988180865
43799.46992312317,43835.816272886164,43679.318679561315,43829.81536619045,12.465768075652871
43731.10491822697,43789.30983201352,43626.15160866274,43675.26098959481,15.587810704846506
43872.69876079824,43868.95477701145,43815.13303881084,43851.672309467416,84.59140427378152
43621.56482395643,43642.65380827771,43583.99328685798,43601.15364116675,25.845683465632508
43438.09388288592,43569.20249861069,43380.7237305424,43483.88963612453,61.76652089575756
43391.37238354368,43535.37503800901,43378.31106391341,43392.36151726662,35.446097106521975
43515.02147823085,43600.00426710187,43381.21525727753,43466.72373356612,44.03955709041366
43558.34259620233,43735.8547648032,43556.960165377444,43558.18566291028,85.51738301740428
43806.11782951362,43844.13231449626,43727.29178867053,43750.65401187315,73.42814779344134
43844.8515546423,44136.14159732384,43876.70643608489,43904.821403954134,33.566544952936376
43999.30171519579,43985.06920460961,43835.521519643014,43953.45504703464,89.7200485173459
44047.78293184788,44065.75649171242,43966.059247684454,44031.52803573636,31.57954563973535
44382.007158312634,44389.66361601881,44269.92293566698,44349.23417395586,75.02488358765056
44195.03387545076,44253.361927707054,44222.003583019425,44247.04893770941,78.98324891267232
44444.33667633709,44484.12110896462,44338.10334292106,44401.99460152284,36.07441242229344
44041.37131928036,44131.73138027207,44026.98207203905,44040.365816223195,52.44928917078218
44070.216523398994,44304.41530612882,43999.47750182665,44122.63266480272,45.943194079541804
43956.74354685861,44059.38905114323,44015.108113406735,44025.9827563069,62.45246535501455
44012.11332065454,44117.262855287874,43784.071506181106,44026.496992793196,72.98580097190388
44216.80197024132,44318.19134606924,44177.88291237195,44234.51424180394,91.21407168549192
44242.512338708206,44428.71586318443,44101.22100933006,44267.44300370922,58.385586008660674
44456.6410842194,44595.89872505178,44349.315961817614,44444.480511951006,90.23594339132873
44746.09652391934,44762.33534320041,44729.883405749366,44739.23347497868,99.29139266802137
44790.879005723335,44927.00542804878,44762.86956447918,44817.05226875183,54.57341768304563
45114.540687240486,45059.96062024869,44981.6931260048,45051.26048167593,25.21200245228541
44961.91457569173,44990.67873614419,44769.530993202614,44985.94828614008,64.2513398598585
44834.15014491786,45008.268701095105,44930.52105638247,44984.30630968616,72.91908718170163
44887.34603293352,44977.60448802644,44846.518039792085,44879.78242640647,64.82755697841986
45124.59770775281,45240.677958953675,44962.683260707985,45088.37794533574,5.570888997246504
45169.256728635766,45187.43251983266,45146.63432297846,45171.19621609446,18.864442687836526
45075.740254387274,45070.77845534885,44873.20322349782,45069.74932371548,23.858361647086067
45059.6406603132,45100.89059263668,45061.26081904527,45100.68309044474,24.50218883132711
45359.37162756564,45411.67682609356,45245.06810038321,45308.99676820846,93.91072828364923
45334.53281585524,45448.659218304005,45267.412526261265,45301.14317000087,66.80148555493653
45108.94144429783,45212.425979429696,45099.95374493336,45111.356607830916,23.219350212070655
45128.98706205154,45212.06171299013,45068.48825361906,45137.7389589884,16.556308947331477
44731.21004517471,44781.14804735961,44664.249506131724,44741.625840774606,4.832435406079716
44991.332950929005,44977.95790597963,44818.85739373317,44895.3799696545,28.301190268891386
44762.281898236455,44820.0764379735,44803.35047802425,44811.11445218957,33.670675143295405
44622.68640205485,44907.83409241374,44659.68527370932,44717.25230493375,28.069548934066958
44871.02424811124,44949.20001271837,44837.288041538006,44892.39144068965,71.9819274755721
44685.78860123413,44670.934519773145,44559.32952663679,44619.35886524461,56.69887932850715
45016.12531001729,45135.17161404501,44897.822767480866,45008.77859380869,10.330268331510817
44980.54381657552,44927.799999839764,44876.63165991147,44912.73018546104,64.93610553592013
44826.42814090679,44877.631827933685,44696.067133758326,44808.07999678406,31.054206915665873
45002.727031964816,45012.91882685615,44978.8705207633,45012.324945417495,74.13600512687556
45084.91437693215,45258.95403718585,45138.27437123949,45154.06400003958,48.896926345399194
45697.550514651906,45735.030430672916,45464.16549698014,45644.30994385459,14.089610288587817
45615.611265728934,45686.612881335044,45570.19426178419,45602.06874712829,18.29434687570226
45439.93610239078,45630.61175347269,45501.360855976585,45577.98741939541,55.14750712623879
45252.1017735601,45300.33420128372,45135.60913472594,45282.12422340276,28.44835444413808
45150.14548784383,45310.257646877704,45211.21784452936,45215.703767932995,38.20706167561937
45022.58735398359,45091.555963146915,44960.88764690194,45071.41750881864,78.55671924665043
44987.597116554876,45132.71657939586,44941.816352997026,44981.66410619754,55.59850547971865
44655.07105649004,44689.97439639196,44457.58466242309,44632.82655488675,87.72602865078049
45019.841562149115,45031.50699556112,44936.8457706799,44964.948066865654,68.8038394165752
44702.9448871542,44681.989000475594,44619.16644920446,44681.62737038053,15.381441070685863
44134.88802581081,44275.85399452342,44113.93218344313,44121.18681070218,9.95514631652049
43888.84527467758,43904.942527711675,43821.16682165217,43883.50192638558,64.3321321194421
43708.31825272412,43950.465297631956,43643.5164771315,43762.73401582635,53.5564969186456
43681.89180368969,43641.65672415587,43385.669981032246,43532.82320317492,73.42968643378492
43810.21371254254,43760.63876265548,43673.28680687541,43752.483911321426,55.45499081508834
43726.65708928284,43780.22226670905,43640.44036548926,43724.91607560221,98.76322295620507
43716.73326584982,43852.28967267558,43717.57875262885,43729.9931964835,98.16418759693333
43872.237139797566,43885.20241294753,43780.681178273466,43852.07154934458,27.215927762079637
43951.32793872796,43969.27272905644,43863.231775618966,43909.274054740206,79.18695697726974
44053.43900995725,44181.82584615918,44057.41934868571,44104.98751422942,76.61155112259786
43862.91178964318,43966.705016184984,43877.75210766772,43883.092003502185,84.04614326211669
43765.35989117828,43954.64655942466,43751.400426065426,43773.5883833663,42.03388176227466
43931.735771529624,43985.48508630648,43698.392481143426,43906.78181258021,92.78013976388935
43358.51824972583,43458.34801380511,43375.119418622395,43399.87092016336,37.67762632266638
43281.14409819204,43295.66610348668,42946.55941980207,43124.83402429991,71.3324365139915
43211.30837023407,43388.03069513669,43223.68356694287,43225.0324707359,60.23780087602366
43088.47600988494,43168.78249606643,43052.18551374149,43128.98266373692,36.394727886622235
43278.296124341505,43339.98213710412,43280.655003399406,43316.20417375886,22.788326504258194
43513.94659307751,43575.554074187356,43474.41903022063,43478.04023312949,68.53535256147802
43307.46520010223,43371.35531402471,43166.757315702336,43238.42165709128,90.23318308545433
43345.13607435317,43373.857752776625,43250.47882475201,43319.75307458466,39.84982896738659
43555.89875182105,43569.23641884312,43482.179246805514,43560.09264571816,9.646863970054941
43633.846484221875,43744.426631121205,43559.83739991294,43589.57952604836,28.060764718789166
43363.47013980786,43525.22926323418,43372.0529421351,43394.08655059918,40.06535196363624
43578.09522858084,43571.80744400119,43526.4661220554,43569.964538981854,40.705765183235755
43683.66214112901,43729.37830791821,43644.55909089852,43697.04944429266,63.76750685285392
43876.20421197819,43829.194149949246,43758.19255477778,43805.571600992414,11.515021910832523
43970.97143443523,44024.01760811349,43812.827367207276,43948.75937967981,11.2606480143989
43412.9618884509,43354.34810801558,43123.839240167064,43349.83680763429,17.354328288096387
43450.859536556374,43868.77817455073,43436.676210449696,43526.02431985048,16.573329767216627
43857.09948672598,43948.11888499086,43821.97915164153,43887.650681966275,17.57593850376943
43998.14795098213,44141.80948285557,43905.67934101872,43974.97837689213,0.5225104737947461
44026.5913678139,44049.032488437675,43929.35880410686,44013.524176192084,27.42032717850985
44059.27403561778,44227.96880988346,44106.749874109635,44152.81191087037,56.56911521909892
44186.646746771934,44251.42736454456,44192.96678967944,44220.45700560739,99.21918303058195
44370.25380001336,44484.983752289925,44337.097949322495,44350.81325794752,41.10678548165318
44403.14223859615,44581.80323454118,44272.47902076532,44351.1074579966,84.60556371517005
44318.9933477698,44270.92573759143,44034.58855018007,44197.76648708922,20.947147660541553
43974.13994458292,44061.035759143524,43969.299370526416,43996.9019446463,93.97697269615063
43818.2591846359,43880.64872117523,43562.1483172396,43797.263598999925,1.7020240744980097
43422.21761493334,43525.47207612874,43444.93173281337,43522.65508880974,2.7133210392741858
43277.160150440526,43506.943956593896,43176.268848537744,43309.10668660593,36.20688010675798
43677.09319155812,43670.09273079566,43521.2401921565,43661.359912089894,87.53153593364593
43814.83657937622,43867.5755189002,43765.90975718453,43812.17904482115,56.692447393570866
43692.58010982626,43987.82343818494,43449.004926084606,43687.17356668421,3.513457647588991
43653.80687057883,43613.81161465243,43488.19644561588,43609.09502788711,84.03504101381377
43645.206650775974,43714.79431257437,43589.71978955589,43631.6065340684,16.21811791126887
43441.776720268375,43501.18364802548,43421.965386296164,43500.49752817153,37.59979688422068
43539.76145468388,43626.42307305107,43297.54575735702,43514.00089960639,8.540044724012041
43744.78218257151,43899.00984381251,43555.06360817674,43669.52172718698,93.12092189359734
43732.236304481616,43679.708201315065,43567.32300085108,43662.37318047734,0.6237430974738056
43732.13434313264,43852.70168496907,43653.16400751728,43729.57632900974,87.84565714530824
43908.93660352663,44065.45989439967,43774.92565983773,43906.874636881665,16.836198604839925
43864.22035392383,43955.58019611369,43840.41581821343,43852.44828567802,20.225771074522182
43973.1902524001,43915.75545354357,43803.975450891834,43909.406405504895,22.071530299201914
43838.65837741863,43869.66993676293,43571.63813450447,43847.53088692822,14.234669834163217
43851.767545979565,43858.165004961986,43775.849571183186,43841.825112961335,14.309682147184521
43733.38808160158,43792.50940677861,43562.53850881003,43776.879059944746,87.15895415136453
43650.35197216201,43701.985380168044,43626.01739534976,43671.10508923352,41.708365857301885
43765.18693061947,43725.71475684589,43659.33671331272,43705.847459830926,36.267664031517896
43882.48755617841,43836.58573640121,43780.382121383074,43819.15652299457,24.546360731870887
43769.08980181556,43963.9966600911,43787.74385539054,43848.41741219478,90.49104342667518
43945.10787013451,43989.86819275638,43794.50691503452,43948.162803857165,58.499525603910165
43809.43118820048,43861.363242647865,43783.4607581281,43800.57644780892,34.523292182937006
43589.10100960392,43664.62807084817,43558.473087511185,43559.82940936896,19.767702305415924
43665.164849419976,43646.62080661972,43630.38592717488,43643.23810996248,91.29192867060114
43779.93457779304,43793.51678352955,43768.43587796021,43780.81438819743,20.481040736022138
43724.212716859976,43995.70903284186,43629.5171837697,43790.7858415174,6.532899236296064
43981.18922280197,44186.06101041916,44043.40237135872,44060.39299760234,63.053571410427814
44258.11594525924,44335.89419655067,44070.053643729596,44241.932757199924,27.709434692092593
44660.99084253801,44851.42859795634,44698.519318752486,44778.04692535372,17.789215938292212
44768.56307306503,44791.12898845449,44681.666603579884,44737.88522255459,60.50911194561605
44491.869277294696,44565.90946006234,44518.72043602774,44538.11546333552,45.637205513918644
44401.2771781759,44526.462364470346,44264.057344944435,44390.08810518761,15.707029683418083
44232.432500034716,44314.40234369284,44243.7262291888,44276.98854391268,57.44564336197896
44364.93701866301,44503.22128093864,44122.59536435541,44372.19482060031,66.72316463072009
43928.34034259987,43967.35588756118,43907.09385788613,43940.58110780806,69.37766540804728
44185.41067828115,44225.60893780286,44179.88279830886,44204.29131142623,25.214384691736825
44054.9470417248,44276.75633873535,44048.284538996,44156.43199319775,51.885481470085615
44075.45289891456,44224.87640515434,43939.95222288451,44107.073281640005,33.75138511220391
43873.257487666815,43902.06946880449,43788.25949797638,43891.20464843501,92.6673858590003
43845.87515942792,43872.772448024596,43828.804308122955,43868.35953814497,48.12215047390973
43886.299773588325,43904.839045601046,43794.52929452336,43871.00749167848,57.0553136272346
43791.14807939406,43991.29771355045,43790.2183552093,43846.61850615842,53.13866348577074
43890.06633102484,43935.87986799577,43853.0374265857,43914.43035734691,99.8013231169473
43811.69648966931,43962.80784473219,43725.94028769758,43796.5039489567,89.59386212321874
43690.206657730676,43702.49305531492,43593.23356423761,43617.34079687454,98.74074773008307
43773.032606586894,43769.22488377104,43664.47996817963,43727.00642297413,24.038759450387747
43712.60665645122,43947.66176985478,43720.98031666003,43746.73991373729,48.23659760078745
43803.9497707972,43835.157597902624,43638.52613483789,43786.176124776764,45.28069177390075
43978.34463017064,44022.507161009504,43954.018523831815,43997.98157566516,70.14920632361445
43812.52251054284,43881.21920369666,43742.127651171104,43793.468697413016,72.25851604760436
43707.73971286937,43636.21057585272,43618.72995382522,43622.42060596285,41.83560311920559
43881.87730927824,44023.89986374508,43750.45808112096,43873.86453612865,52.66888836791295
43658.13639581088,43682.88380052073,43574.178471429776,43577.287864613834,46.56517181215892
43284.59227035354,43373.498694233014,43249.94333156982,43315.40543534763,76.55959950759288
43358.64847213257,43568.12933358356,43380.33488988722,43478.97780158463,49.441044029807124
43510.85771929302,43605.07337342114,43522.06209996651,43526.61783998904,67.80349811260919
43484.62478829538,43662.30746878768,43427.336056452965,43547.6642674009,82.31283156766312
43512.78222158286,43536.53090527442,43454.74615291127,43529.33238578082,67.82799104083132
43600.59694680685,43556.40921225744,43505.80133398763,43535.585895186334,36.41715941617931
43489.52479472018,43669.050338163695,43418.939941988414,43517.16347224794,47.84430393516773
43826.48002099125,43819.984908137056,43656.06948923952,43788.252012766825,46.62345483423154
43788.77619240885,43769.89046555592,43692.28670508811,43708.62238701681,95.92691388159047
43662.21745765528,43734.66880924285,43613.85095609332,43676.34767976125,43.574267818459234
44025.81616095404,44099.63761069576,43961.06619942293,44035.23744080627,91.3583760609642
44096.002111751135,44222.32826566402,44027.11710323759,44040.73938121224,90.96409495328285
44488.42391967048,44562.252618896724,44381.19771642426,44487.14265911727,74.65470416985389
44539.23523142399,44496.175151275565,44458.04932499575,44466.146718913486,20.204923072404256
44624.283156672835,44950.690568764316,44687.174897210345,44739.629715405514,42.51489356018373
44403.49036747425,44549.869461430106,44224.734322908196,44408.56090774358,64.50376484325936
44468.72882217914,44589.987835762564,44355.682647404195,44439.28979990671,25.678483204139734
44124.80653373808,44204.13479691334,43986.47929866752,44122.39508727653,16.040823947335937
44253.26131378897,44355.94750998897,44235.93663132209,44291.28594859744,48.22435663755312
44013.082077357,44166.875516846936,44033.23872836686,44048.71238535564,59.98315106880102
44161.910461496205,44138.97542626748,44017.68016871525,44105.466296232305,64.73444844234689
44029.589006020746,44231.69996796031,43993.57480707298,44049.02712089422,61.15341845511547
43828.26562612543,43963.00292872972,43689.79756738503,43817.386483857415,29.141537570037144
43418.894325157526,43538.54267075922,43408.78692747455,43493.514487277906,34.81986257532438
43397.32584069622,43533.22980264334,43357.35738050925,43391.30639456188,38.292015171797864
43759.47482068668,43884.527465144165,43650.75388988864,43739.43228374095,20.453524085891573
43705.72959925823,43737.313405617635,43641.035191667615,43680.73527276307,20.693212193515155
43909.64298594457,44018.63301777937,43767.883616931606,43864.17958118624,45.85691923229175
43924.513271307216,43894.14725702574,43844.798317622895,43852.771007653806,12.839470969997802
44090.43667400905,44078.529570408275,43963.6320827843,44028.1163623919,10.996903825257686
43638.20492403917,43790.58700562946,43622.266901647585,43662.73408673099,50.54900265536806
43605.02081261953,43675.979598000464,43579.96812607557,43582.09642536109,4.7637235180223
43860.099641396446,44043.605561041484,43528.16427416826,43771.97753011973,40.24733692732628
43803.570324222506,43784.44061933881,43722.75548588545,43739.3265403531,74.86829407038056
43712.689311184244,43782.05217163611,43629.79997510527,43722.03548381088,97.42569982662091
43552.53998393007,43656.92379452381,43555.394186796526,43635.943101433724,49.98767506118408
43791.532301052044,43931.584778489625,43684.0531091179,43865.81897810715,25.713978671150617
43990.78595121549,43928.162693362094,43842.66390205577,43925.32184889814,62.79543415276096
43954.13318362993,43973.93245222978,43782.274534894146,43934.12630413321,14.494129415728096
44097.250292850724,44083.86951596206,43886.39188621503,44062.737213201064,93.04979731403108
44194.641410235454,44200.62162531076,43970.31423968886,44180.38219902466,75.50437287826271
44194.84111836025,44285.092424136055,44127.16836789325,44222.89960831216,15.065854919740273
44543.42833188763,44548.682952340794,44507.5183809435,44532.30590771033,9.76725733378766
44515.11888458125,44600.49229200095,44401.99121762525,44520.248400982506,92.62833240031522
44644.02696286386,44604.765199815636,44478.0126765923,44575.8646105761,95.60535555813983
44474.79925805301,44502.63833889864,44389.95765713544,44447.27409990552,25.134283843003214
44430.20429387923,44510.922547343784,44378.85253866412,44477.297145306744,17.18658957730266
44774.01381749671,44901.82868924171,44695.430814710795,44794.849450055815,68.96139968834811
44588.25767218303,44825.73834655569,44649.26711990896,44666.19792969807,99.37020524022986
44462.60076399781,44560.23462298632,44346.307936876736,44439.479364570376,25.776616510332083
44656.4340353369,44692.569312470245,44543.39497700923,44638.83129313434,36.08601912017618
44574.45943051597,44709.990465808994,44547.81741026266,44609.07806268761,35.9870475249964
44695.57686267364,44764.834176373646,44595.6313353533,44628.27890368156,46.54243519434673
44689.09514815738,44639.4943643148,44539.09929341862,44619.256242942894,26.239991915523042
44697.69593435012,44775.99906588442,44530.22595201496,44635.0805877288,55.890653193257855
44745.536977635,44883.66519733955,44727.02887221431,44805.186724433486,83.16387160173767
44680.25420403071,44654.37411678875,44500.613540380946,44637.361886313636,40.0360970952518
44422.708049038476,44483.42811166643,44332.864469824584,44435.00706949254,28.017502692663864
44392.756015817096,44484.79250253113,44431.909288014824,44452.00069690008,93.4488981190804
44214.09361588198,44263.51322173993,44120.45754842433,44130.712759010115,54.97460531852537
43840.00693269851,43879.24872778104,43759.74111338276,43856.102051801725,23.270321547635596
44222.30925937946,44329.08948657474,44155.975418272945,44229.43868146805,34.714350405841046
44336.54221471699,44435.74609425925,44356.24399749758,44380.93234748033,50.09426348841328
44309.7014726727,44451.49658752565,44332.30489319918,44378.92105310653,8.893343792057372
44729.69897204815,44892.79511167002,44569.795926378465,44626.52244029821,3.383238040794201
44397.49603721444,44427.583697294634,44376.72538507089,44418.402594281186,71.07044595799425
44439.1820848056,44420.40297039897,44337.00174752348,44355.28196960402,74.20035998147966
44336.69260917209,44499.649700497626,44396.03095563355,44479.97269148889,47.03712173209858
44691.88277533286,44755.069400697575,44491.76491301138,44658.10702777517,86.43162178478373
44821.38912937704,44932.55538480194,44572.32583712873,44760.69039714073,58.84061433255398
44338.61981350705,44358.138312397605,44248.53558488468,44252.44263560308,75.736255262843
44059.404164113956,44073.172604877305,44043.94772757498,44058.82621207017,93.59825066888496
44218.41212339967,44242.93608715739,44118.622273596666,44154.23983054154,79.03636126611447
44050.003773405006,44096.10193451867,43942.91233256721,44083.04953193218,31.05486987468298
44596.881058412786,44757.55318118078,44529.10678394612,44591.095856084015,11.897136602890068
44761.3719806242,44858.76884392327,44609.25113302365,44776.40751627743,3.9770638013072124
44936.11726190687,44967.49450416089,44835.82268047044,44888.023892401165,39.054790577010756
44630.69187680649,44703.53317615213,44654.35995256878,44664.63398165182,0.745303332822489
44637.041394262844,44733.77852971528,44603.67520979865,44657.57463373124,73.79049951203322
44667.3572724394,44773.896137055104,44577.97684359449,44705.81542657503,45.1767616860829
45024.3896124017,45039.84691026436,44859.240120183946,44931.37215260059,73.22299813308987
45120.61178776328,45241.12999970038,44872.46725626134,45107.59837202052,49.774415413206874
45346.970261638984,45355.52369145811,45252.47893071408,45314.19621092451,1.4894228579371616
45088.65735393998,45171.90407499749,45115.60436654261,45129.4138077625,87.21261000315242
45467.06801524412,45599.99252727537,45360.58999895801,45411.844147422235,92.05323235576057
45137.05022087673,45155.59070289631,45015.64600947433,45135.757996960776,60.10596761860061
45062.809821577626,45147.57288960713,44968.93358563683,45028.57508462755,69.91662938719361
45077.57786943772,45167.40748214241,45055.21578329257,45114.72931161667,6.067062355983632
45080.11231694975,45094.85707770579,45061.360296584666,45084.75099327004,69.57166649388938
44974.085261159686,44922.407919033234,44773.48048014984,44883.54362168597,8.400041300985661
44646.02188314552,44783.91285812448,44676.76007496425,44719.23365656534,32.078786656129346
44304.095943826695,44427.49103251491,44375.85849733826,44409.58279199553,29.853076675806612
44490.41259513372,44671.1218336206,44502.084072752565,44515.97771979697,84.1430260060886
44722.017971811256,44929.13738663522,44627.49711747688,44768.091488805396,46.28966968467271
44787.81836945838,44804.433852164606,44700.177446151145,44748.012788125125,6.272380855444116
44660.15381071689,44678.18672854377,44603.45116129045,44667.94302512244,24.219986721831745
44292.15391276954,44435.45891691188,44372.1634360479,44373.47843942914,44.43607319806937
44471.92009106689,44563.15278629535,44552.37122459004,44556.118824279576,94.7492267109929
45003.468577213156,45078.15918515376,44974.01827679533,44998.379690927475,24.13221403969511
44640.23854341458,44740.03331917599,44550.94808839531,44638.8885300541,77.53986686719786
44454.006812116124,44516.57103542975,44387.47559483044,44426.20194242318,17.494256596407332
44307.03043290019,44387.63620993171,44239.857836592935,44290.28333391435,64.23359604944619
44155.891528484,44385.24274825868,43961.649609008855,44177.41975197785,22.558415875787365
44238.63152699791,44336.54822777811,44165.960375138144,44222.888942006546,77.19869363777153
44519.12218670079,44616.59084554539,44486.84021313897,44545.73885146259,54.25203638046312
44723.41512962855,44761.32293320635,44662.26731239413,44747.45830883461,89.25934541323876
44821.14428208471,44945.379819215756,44798.9156846676,44852.97778538948,10.678139869347058
44648.64838728175,44835.51536216087,44673.066199924135,44708.19204457776,18.92836553556869
44423.34752976497,44637.44323999517,44298.345818698814,44484.26639784167,76.62478754334211
44329.270190849544,44328.48855905412,44314.19855183355,44324.91133658041,33.59672699482168
44627.86616554022,44713.61084707203,44615.712547214476,44634.524696856155,6.947609200180005
44619.51282791946,44686.797814054094,44478.29830161094,44622.176036564575,70.30884165474005
44597.53276153696,44545.965876958246,44510.023995225994,44532.80878583205,13.572027699326261
44527.41242600581,44513.5942752918,44393.04045575054,44496.05763978205,11.91938579327374
44609.320851468554,44783.13959783734,44593.36166171805,44660.98128370974,50.28490191280661
44356.35342356661,44501.061089258044,44354.011791097844,44398.41134879978,41.19903754198203
44737.32723226806,44858.60928798231,44634.27026408614,44681.38617598427,17.399673296870166
44667.14965894949,44881.922001079176,44561.337440365685,44712.68142737353,67.05668085697148
44546.23792953772,44764.03469375,44540.205523039025,44669.41263171438,41.54880638140547
44692.70803359257,44847.3363942937,44739.47678901445,44757.98185446373,68.51602313977222
44827.0537242775,44913.513856348436,44794.41777268749,44801.66126908972,38.281899345511995
44700.813704953805,44760.03304212247,44714.72553512684,44732.821977796244,82.58626758965936
44787.02497759295,44728.65028810132,44649.898433017486,44682.27984338792,57.40732161851406
44585.30235614777,44629.11979619094,44461.50289601543,44508.50733401473,81.18300337946131
44746.43246262764,44785.073260738296,44614.35286306043,44639.78548418659,62.602260314452195
44594.45766893047,44536.25504605412,44416.96458793401,44533.386722304356,36.1690017902864
44344.68972452207,44510.48083268519,44316.46209384812,44342.135037817905,38.774949602610874
44406.65543079358,44377.729173362684,44357.62059415199,44375.30774234861,80.74460340632574
44595.70911504408,44684.61506357271,44573.723781054985,44641.13599889772,2.922677282541286
44719.97401560198,44637.94564807115,44626.026816058395,44631.46707414176,17.314382995165843
44503.491204700615,44604.332822950724,44428.170892073584,44509.84682275142,62.953710404378846
44580.49923786476,44752.0721241886,44530.35972404613,44590.62602691861,74.34217973843035
44966.9991827797,44998.82845162157,44962.25178343342,44977.968519399124,85.23552208496284
44694.68505126196,44717.32797954446,44669.103822189456,44687.587413512774,77.1011037612388
44740.465034898756,44800.33643759369,44691.56558862242,44764.02797106983,98.14832948890007
44861.12689694681,44841.88893044849,44585.88188245685,44805.0452961162,91.9856606772504
45025.607551601766,45086.23063109237,45033.39913260087,45037.35205682802,42.09416150907283
45222.230324456956,45264.746053360075,45176.68089001066,45235.53389156499,78.85088728532614
45192.08600377199,45257.38288055028,45089.568417463495,45198.19206920304,29.6019965633502
44862.98656052893,45079.44848101195,44851.954102675176,44861.288618118066,92.8742441850715
45043.19698855893,45066.55639230044,44932.85911741901,45022.60137169731,99.71633552053073
44843.58243368169,44888.6811686764,44730.102342726364,44855.562833659016,73.4578844000882
44643.96278368939,44723.386654815426,44664.97304178913,44666.21475146758,33.45476761096874
44888.60417800096,44998.825759428895,44611.70813314306,44895.884867605804,96.29956864004882
44704.79596342891,44723.92077118448,44538.989790437015,44713.71479207807,4.0949740812570194
45038.261876368575,45249.09500987964,44917.01266782425,44994.28374009812,41.000156944739864
45057.3067920978,45105.04509667439,44944.96514951991,45061.45268437918,51.00348771212631
45114.17281795408,45249.53705824167,45010.38769602259,45125.27636439644,51.462685121408946
45199.72233940881,45189.49916638092,45158.88866773925,45186.72932049756,22.487588107827726
44794.18997576411,44876.551341232946,44784.16180252356,44859.0445953492,40.223729250762354
44586.30415582839,44715.611935543915,44423.8907103842,44503.76687207988,71.11479927298655
44516.30199774908,44577.79433427577,44517.71746854781,44546.877482837626,77.75825705808221
44676.74470819624,44697.32049882167,44397.47327227935,44660.478954682905,71.8320131335464
44671.41600579744,44713.8775147347,44626.591690802496,44677.001161114145,1.675490413653069
44475.29791067871,44575.71683247331,44403.78552712082,44512.694257710245,67.55490018503406
44493.61994872178,44650.797932795525,44415.775475073875,44516.47867848668,24.117790901291393
44495.0337587594,44575.87565299976,44446.171987430374,44500.07184785759,64.5712330185573
44236.72254681286,44367.02431260147,44263.65001755113,44308.6402282025,38.00792031372552
44581.444106529794,44613.80480426502,44381.371662286954,44511.43465902493,57.350069278106965
44263.115466316274,44241.37287349671,43960.37705886401,44165.37944671492,22.473822667202413
44321.070755785644,44330.36025205112,44254.60422464794,44283.12792807642,67.73826504015935
44354.02129767619,44370.857321589974,44261.80554553648,44359.99260911867,90.2626349706941
44525.114473336944,44628.768878717055,44558.01439239688,44561.93498008101,33.45903383334604
44394.16618078334,44456.19055541275,44219.25673163509,44360.87260561124,6.366150320246544
44383.75959093492,44429.083774700324,44240.09188055039,44381.154034944884,93.94130890181735
44808.28628275764,44949.93779761051,44772.91153778449,44815.387024808515,54.90451162537971
45007.84307300628,45287.031881950694,44869.57913214911,44947.80188260846,83.17788592272414
44968.62456391839,44983.49751742741,44923.20680538295,44967.91812435425,94.62013177622481
45067.136290266055,45227.75073092716,44822.05895937466,45075.75037917709,87.48700019995529
45042.06062474699,45145.19407298839,45074.933348381615,45092.98574765311,52.03775830254964
45513.0375850955,45581.87134591538,45451.103811302964,45531.16535030108,97.73106727746566
45738.856644172105,45737.54050371944,45619.910627436955,45727.89258945892,43.77497735573114
45676.502539303234,45828.25160871232,45492.482862857396,45710.76959861282,24.972860422212772
45710.6875958304,45773.46512069298,45732.404869693535,45761.23588488972,86.82287937953231
45679.474337162836,45725.84721097927,45645.202640951204,45683.07628567352,88.20211452252491
45951.63489761408,46010.317734162316,45796.74818987266,45925.04631095558,5.938350881115095
45656.84981403777,45684.39057965784,45639.19012956352,45643.82535667738,73.67837519164804
45333.74918095184,45582.864367143084,45247.353386549534,45322.87765070518,33.51329962835338
45565.315984317305,45781.165551283855,45600.70440334882,45614.62060064038,86.00975702749929
46029.24584165403,46052.4518612867,45914.42744736918,46045.2445591545,24.29319265894634
46140.87163561966,46227.317006164005,45954.164138710075,46138.905540692416,58.03025448063319
46085.74208150575,46247.72387234652,46138.463134636404,46161.45312893956,13.02473828350127
46386.57731191082,46357.6604695691,46224.01204874879,46292.90666700052,88.33300846463679
46206.311255488115,46227.886369074025,46100.57427662057,46163.495961723966,13.60123848377459
46160.773665885856,46341.843880605025,46153.78285952596,46197.74467075441,64.79130411484091
46159.42649256552,46286.056251110815,46197.16172313215,46205.52641192565,22.557334063462875
46375.29394679298,46354.714549115335,46138.18379854333,46330.839262074725,75.66392935386173
46046.5711324763,46060.718322673754,45872.06540231607,46019.23955643804,18.419409630939796
45889.7943534051,46093.480466787994,45876.50247182044,45917.832602484974,75.82850311157469
46045.96769133412,46151.63576654068,46035.93503958881,46086.831723085146,50.59902304116576
45963.44575380747,45989.91676967573,45828.607955285,45951.71295755913,70.86861141354694
45681.261223942565,45800.09865378585,45740.18412285385,45753.0406824745,52.06078218523589
46188.796116304475,46180.152173261224,46076.09141473138,46161.45511243989,55.65422718634496
46162.840520298596,46274.63184133999,46096.303544087175,46169.07871247578,60.44322160907072
46084.708846165566,46112.85627981659,46052.032173321866,46053.29508448713,22.834384466140623
45727.38349059636,45852.35119198686,45669.379837061686,45714.82099699231,57.574809218964695
45858.66229282396,45922.99128584447,45805.70922573914,45860.6902662484,26.383941967853186
45975.68306599237,46016.976970190175,45948.7198591502,46000.517496992135,29.945988889005136
45904.80235246832,45982.226928687276,45699.529406841546,45940.76557687815,49.90233814200244
45745.928576793245,45821.578131230526,45675.620408968876,45720.31953869673,22.825559671966634
45701.47549238856,45739.90817467706,45508.46211480117,45715.40965396825,61.89802950476968
45431.85266792905,45789.47321462319,45454.296008610334,45548.23844047193,29.956796085901484
45273.196516047065,45405.54139794337,45254.60730599349,45359.819722697306,18.604141405740314
45345.95245461835,45370.917158437864,45318.80754181693,45339.17717240496,89.87199326625098
45081.86394585993,45279.45578764869,45128.18597346345,45128.89909267295,43.58224532075637
45089.30357094625,45254.39929820945,45109.523843519186,45178.22888372344,94.29275663213745
45196.56983912008,45343.01593401919,45298.269185184254,45299.82738560472,41.472007240905285
45073.15147656708,45233.269823422204,45115.426410878805,45131.90089617008,1.0588025444859261
44855.028607420456,44986.01071433207,44821.00343840358,44858.251877102404,19.921798780977095
45153.781642278766,45175.85104096181,45126.32982534362,45170.507796893566,83.53503504392654
44996.25048560688,45028.77733523344,44874.15772101783,44982.45374970212,36.01862830165351
44895.65867796808,44852.371030059185,44780.89455001732,44850.46520868166,84.63769223868839
44889.3789649847,44913.634309569585,44871.05978932497,44893.06864216764,38.82089593322565
44927.216496270594,45080.585300556384,44949.099846045516,45012.9425166721,29.672373855595612
44961.92646051173,45011.08944053556,44857.174576147656,44961.67913793417,80.07267547167677
45076.74201863081,45239.69362233353,45051.08457943743,45053.83800347442,7.2288686958720145
44928.944184263564,45074.57487063318,44937.64422092985,44973.64077189514,87.59516286605756
44857.454584975945,44826.36127478235,44753.11304145549,44779.40663893026,41.98664715988444
45004.68197574425,45069.631076955666,45011.7935693318,45064.67001108766,32.871012338477875
45630.21391767092,45676.404301347946,45544.06656095838,45562.35833395389,21.992063530920035
45890.81348169103,46020.190440624894,45833.86907814942,45901.552240556724,59.44073709796783
45899.70605252004,46036.42837882582,45747.27900912586,45929.91356838741,94.79459878887756
46320.73578410456,46512.966742032186,46183.56261861959,46296.60064075055,35.24189588299584
46346.42569058878,46411.77756521674,46359.31839600316,46367.74134389535,23.0668656204963
46254.38139258192,46340.298666416886,46216.81520353862,46272.284089814704,24.765199396114422
46260.77996958309,46472.08247558891,46225.82394002136,46365.5600046911,9.103178832250736
46360.64861249476,46382.39686953964,46209.69675873138,46346.681503408865,23.671486952286813
46231.15582133351,46210.15356459797,46012.75041136161,46150.05786665972,64.41999684714963
45983.908419199994,46041.040633743556,45868.8814963291,45970.39347237332,71.34490800447902
46080.674415618574,46151.23567918303,46104.331874715484,46130.80382012142,41.66037946884244
45726.43863862398,45953.56798368148,45658.345165589046,45761.49742378849,94.36432807846018
45873.71221535333,46005.134255138575,45724.47890951262,45882.32477187702,16.696349788476173
45565.27730446931,45707.59458184696,45457.33172625972,45556.40805132734,71.57093594540841
45093.21778725282,45164.393270644374,45106.500152109824,45132.17276234685,40.51453070443157
44721.223437888126,44901.882880446006,44674.44066130465,44764.40344159515,23.9376054760258
45208.00128799781,45239.75154678828,45119.07869529061,45157.756235982095,19.464861424666623
45086.89327052302,45224.65293896965,44977.5321701976,45118.50944299339,16.761308673152364
45174.01707036424,45179.32948197244,44912.82868777104,45135.82607902647,97.78553228332505
45404.28096146239,45485.44529784734,45400.715245151965,45419.677088208664,38.94246488042331
45622.9531083632,45980.52310170378,45511.266375264815,45606.513037908604,60.813818876439505
45308.48048014286,45425.56966354657,45311.19104394967,45328.21198402776,43.23695757512357
45458.0887836042,45619.5287917835,45408.02477127727,45502.01325259151,81.09638859215455
45545.382788876195,45651.3197770086,45485.63331505436,45538.84950553223,75.85869562522525
45315.76491042164,45498.72242596457,45346.63642753575,45470.51388601305,4.673871161157706
45546.10495436057,45509.18412314534,45346.42886464425,45475.3720688406,64.13706702142447
45714.67760678854,45741.58742104329,45645.51387257561,45731.334472966206,96.88212984660657
45496.545598766,45596.62922101153,45424.06139909859,45554.14117655802,85.04249082454308
45640.73634922939,45767.547859064325,45514.4996029975,45634.31831237884,29.567429740773843
45667.09400542842,45821.427235380426,45598.72185694054,45632.38686507226,61.0935283969131
45267.218364220666,45303.98502695106,45188.759196720726,45272.95394199314,45.036476209809194
45113.875269574615,45122.9788120732,45058.1660827471,45112.50330764698,58.457520268891784
45237.615393220505,45252.08607631886,45054.84725825505,45151.146018293715,56.17682766817249
45294.05058409322,45514.301152224725,45250.51890839635,45410.61443611229,73.32281074951943
45528.16792081454,45652.14048108918,45435.14690935332,45610.880639581635,32.08190737640814
45818.484606136095,45782.962348477435,45660.96360956262,45730.32314046232,43.232175664335124
45664.34563014015,45655.0604251675,45420.71997117714,45567.26800823503,57.91025668313452
45987.04772005081,46037.8882066461,45909.536965743166,45927.510806396735,0.8088642240968724
45970.801367619904,45991.57965397474,45846.18310403059,45970.55889992466,27.16601623721594
45748.17370051124,45813.706101988246,45598.028836839905,45769.28579558895,48.61475919019023
45730.994916441494,45807.38618270245,45707.80434974337,45732.70479941756,18.05076443042286
45835.88872469622,45975.69840483183,45885.09044840292,45911.95448448879,71.90729666469889
45922.30825433426,46000.6538337422,45904.17416962288,45913.47798415242,10.522480038725535
46079.63093916925,46128.3009501932,46087.09473794365,46090.85092146898,72.28516463489278
46275.17656600595,46427.09235641975,46045.587521189904,46311.5897129614,82.22152000159778
46385.899239911414,46458.735018765925,46296.60456651197,46391.695849881144,68.55927730783775
46290.92969979248,46325.599907660886,46192.091388907545,46220.15532527177,91.72638646353349
46231.41784236341,46333.809622068366,46217.878188789124,46247.24625790976,71.1677643000192
46212.36331726843,46329.527958798266,46230.60629516639,46256.27942909753,22.11882047272504
46685.95383936185,46818.854280109634,46598.00612533479,46628.14869586786,82.2009306101986
46275.02106380454,46435.16547838079,46099.555597822226,46302.88430830249,24.3280017277847
46200.89901792,46278.24097851614,46263.61549768316,46275.91981808362,83.15383931621312
46201.65925550675,46187.26856447269,46137.72839990637,46159.10110872464,58.88520016050752
46255.81969919812,46378.69998395039,46135.36866075655,46226.12223276384,51.26532474941007
45798.2908684747,45786.421860560265,45703.34013360597,45738.60936092396,57.898333163216265
45927.495235749826,45970.90655202676,45935.95847060637,45961.59427282202,39.35957189496063
45965.910706491486,46173.99971841069,45910.26632766205,45964.34397028913,27.047037621424042
45596.83609193855,45757.57653538848,45583.03638367423,45595.403737563516,46.03936795396677
45478.73615920483,45609.50193252265,45439.478667651245,45523.181110615544,13.805669740240646
45594.87987229808,45773.22392037595,45615.664851243244,45644.97357894645,61.963818046344684
45333.810262937914,45368.69816607601,45233.54728792278,45326.68400385484,54.685913745461846
45314.54432955042,45383.077126733966,45170.61237341062,45327.328447143474,67.30784148812181
45077.572467098806,45189.474857952795,44999.67864411867,45115.83371758317,63.826664039482125
44996.480106565614,45043.23704742831,44922.96058140802,45004.63671120738,92.39604080684214
45022.47756053943,45011.0758215314,44938.16341654575,45009.984387742305,51.71468948126894
45121.71708622672,45119.75511477601,44983.3368355497,45046.67443845862,1.247604850955264
45098.89262505869,45083.54566938529,44893.96200097871,44952.52593882207,88.03317082108565
44974.04822095438,45114.99828163355,44939.27635994157,45007.08521672813,12.097589984625401
45164.043348739724,45180.95700668087,45111.777595965126,45170.680738179086,72.91944677520745
45085.21168694961,45133.129308700736,45043.66194975906,45114.89788315844,19.742399454409664
45395.584119154366,45601.13819384783,45272.72187653813,45401.2114346483,12.329968648372159
45775.84195301783,45711.491379232415,45637.56123817692,45693.654268804385,95.47456632618585
45531.206421996816,45692.16330539636,45416.77219258592,45607.91385568721,3.571073992633389
45373.9169903488,45497.80710970748,45396.55659255969,45480.3457443925,3.019949099865471
45201.49193671157,45169.435562544946,45045.93940743395,45147.51114735926,44.8338377701042
45136.59717894199,45166.84376016469,45012.665937022924,45122.19728103139,58.57026204575677
45164.08331527643,45143.39358929929,45009.50130958065,45049.509725008174,17.661007594155677
45246.542556558066,45250.02538426719,45171.88422125009,45205.319969034776,72.46779297016165
44883.05692298207,45016.10309926827,44864.75554943147,44903.38764782112,93.92021599234837
44817.173526046805,44980.39210646847,44696.242518834944,44847.909369472494,49.84803990061803
45067.62399312191,45106.55384083951,44850.41137474575,45041.658248094725,12.176171614653475
44932.21522625098,44899.614910815355,44821.344792062446,44895.58682898313,84.34809551176217
44720.056256159085,44783.77841862795,44709.290774876616,44743.11452163761,94.29092831779586
44475.06661078183,44461.65222723612,44418.62827492644,44453.726454686446,83.28224205824426
45037.05853547812,45096.051563820925,44914.80352019538,44977.84122389009,56.46904031604869
44833.832266448924,44899.96439400324,44785.23833066729,44828.34658827702,83.97460495181505
44626.59152579248,44732.43261731855,44483.30668358354,44568.27722183335,37.68836548013345
44340.86404147159,44496.50969620437,44355.29335172262,44407.50714102705,49.967599625985926
44327.28937407717,44322.065796968884,44212.18750404191,44252.648124929685,8.130241162434704
44210.681661261944,44220.190857716036,44033.7445911505,44198.77016923944,32.415520333291994
44427.40168270991,44514.419939532694,44338.922532275465,44363.84461565694,91.56513062006972
44357.661748238585,44363.73336928834,44225.76413119517,44304.17998185777,85.34523716298062
44084.73449711666,44131.52242694564,43971.37331610428,44119.61531885841,59.4156501367661
43809.720567515666,43950.672852235446,43783.89305181222,43829.34761922021,90.53655477983551
43771.52279968311,44093.78627790592,43736.49170731486,43833.71909086418,42.692771520585715
43860.0630720354,43860.08896554018,43837.13342762543,43842.22690567013,93.76107172016239
44085.25865207057,44231.37635990584,43977.668026812265,44148.4133758759,94.5870800692303
44161.99143459535,44208.24142505658,43994.361085130375,44166.902922969864,56.99678314641291
44176.03640903885,44205.48914219697,44116.20109079021,44147.10126071305,5.0203186325068705
44001.75317162116,44070.06062154912,43932.43257249755,43936.97049339555,88.46619378615642
43834.835170616076,43891.394290829754,43825.19809014261,43875.779978375875,91.13883286594711
43764.85125774273,43843.764061205286,43649.369110339525,43788.08508676895,94.30536033750413
43653.740737804255,43729.602684015386,43601.975106492835,43714.05225386621,47.20196754114184
43525.97690042496,43587.33138121783,43420.958464937125,43522.201175338094,29.129317672055212
43618.69739346371,43637.69121157737,43599.493066991054,43629.86709599333,8.751297476666064
43600.279631427424,43639.08964222832,43590.837130443935,43601.378012491456,87.93348236982827
43572.619196041036,43576.31197409603,43508.93048049705,43561.307316490456,72.30202753945643
43178.47046113795,43365.22302654571,43204.20066011306,43218.49809328066,80.18056176960744
43304.310202580615,43456.83313035576,43235.35211101391,43317.22691078563,76.90663338545309
43413.95913645236,43532.21520562518,43340.04690925713,43414.629975981705,81.73654600125836
43294.635885799704,43360.42058083893,43035.767392216745,43246.80409541326,11.098966587297632
43414.28936695666,43495.35843333182,43337.5460187307,43444.828372189106,33.827808488206465
43188.29111121597,43238.0791531888,42998.74825489488,43171.87672617262,81.41704495913136
43194.13481287594,43242.19437812113,43131.57226186669,43167.5027444148,73.427611200571
43095.35960531493,43113.74544257027,43025.60298192282,43113.261276436766,76.67563579854878
42766.255470490985,43024.59314172538,42847.00239034008,42849.82631867561,75.96107191910933
42816.61319054357,42993.5625972398,42784.02659661823,42887.76684109161,6.69200347356651
43256.59829461345,43288.80300737315,43093.32780856317,43228.280871539966,82.60735735832512
43278.09873360561,43356.86828112875,43153.826644537854,43241.80771755335,8.591264894819517
43121.02959071662,43404.64830860668,42927.72141929661,43149.20336673154,82.24053397443804
43260.38980242003,43325.98130267474,43203.254560159316,43238.608198108675,31.70882864162625
43264.979824586764,43494.63593919362,43253.403828818795,43259.752197202106,21.212411369450212
43381.36826515261,43305.252057048056,43264.65993634504,43265.304623527205,19.590593045527193
43190.900899260254,43229.06565256473,43139.17141659661,43180.19618097292,7.72263544147439
43437.42102154912,43505.5895284263,43406.823717104446,43464.59129283141,49.826300731456726
43582.73667063588,43595.928002208515,43523.04043526067,43555.86396552756,78.4602430522683
43469.143600507094,43541.98174138748,43328.893505839995,43450.129833740466,65.04411755201984
43415.25541987899,43611.11764161504,43285.38764014637,43428.529066384275,99.20434740415675
43287.62731251937,43300.33418768541,43212.11671008403,43280.355725543464,77.10267516662118
43139.19375777344,43252.83228617821,43070.05122304807,43158.697495527165,72.82893457056446
43037.69866939261,43165.694707163944,43019.895457443265,43030.552350689126,41.13211793262311
42804.39593431337,42877.50579173988,42796.957018775756,42803.69003194468,12.080915563068363
42986.21004116082,43050.32227317892,42938.395933675616,42959.14542469827,37.97583065495185
42855.17013106697,43013.12786692844,42871.81554691047,42900.93713204366,85.96499627062903
42973.35707959631,43151.0463909847,42916.41469169812,43011.762647709016,33.58467023138043
42872.655728133024,43015.43932524267,42797.95107429733,42877.737468163556,12.251640228727966
42825.19286420136,43066.78928790086,42848.65090279502,42865.66496928509,53.135500783721255
42723.43406775344,42747.00718136025,42700.58901280755,42723.456849926864,60.744755790250025
42878.726351520905,42936.56893688557,42780.38022505527,42867.39048403433,11.831354947073924
42753.62075637704,42874.1454436038,42685.48469067629,42817.706622693324,76.63105859832143
42675.206875665215,42768.66613748638,42653.38135376502,42671.53190550305,50.790290438057404
42289.70953135554,42429.59607363582,42099.25033538467,42343.19125974109,58.713767126857675
42358.723808396986,42606.68380353874,42363.58333882175,42398.32456960925,3.8402721121063688
42239.66218014051,42371.76257270428,42165.94902130331,42256.647559141624,21.57901484224872
42221.81605753135,42401.73931179169,42154.67664567133,42253.49171571743,44.04688517663523
42170.78018932502,42159.16474569175,42095.70581649296,42155.14569411472,10.408862858587398
42327.69948770674,42482.923825566686,42278.2142821435,42345.983610294476,72.98786779563365
42438.67426211499,42457.527053832724,42404.265747114376,42454.81256076608,21.677808741872695
42550.95367958626,42578.14039447532,42368.65288179379,42544.25497825704,36.127977775776706
42405.90390094734,42498.831107929145,42274.69820912603,42421.03075359235,3.3394411873771457
42597.32183373384,42582.25970640442,42461.0571922253,42514.288762302385,25.31015323052722
42848.19138657496,42895.838234048744,42777.2523052867,42857.25508403759,84.90541600987214
42706.585393485744,42837.15238329093,42573.984798893805,42690.81787720758,53.35168440091274
42775.65402772597,42768.26625605749,42620.808939095215,42725.28570505342,73.21300728357139
42432.86350435655,42401.73824569638,42389.0852335499,42395.442310169994,20.758765357731225
42760.98884992656,42762.319249872184,42641.58648878047,42675.1547285951,19.617801879767494
42603.43258110965,42631.76837994703,42480.80753834298,42595.57230887693,58.382668396485634
42708.99333627017,42781.35929463954,42737.790057859376,42752.088085045325,19.200178945783364
42457.22287184866,42469.624587653154,42342.615179875604,42407.44243490206,19.772297659509498
42824.86115994105,42847.27425994573,42766.2277290725,42766.950312327244,9.922083474821775
42629.69453039094,42787.77277265306,42651.98378800358,42695.57600672212,75.95588918074641
42885.872474524986,42982.11310518652,42715.9222317513,42804.70747141613,8.8180677737423
42825.876349940416,42837.74673645401,42588.33146298391,42834.871112682646,88.89768774649768
42749.48401038254,42839.073340384646,42725.12118336415,42783.77695544509,87.05535407397618
43117.92057313082,43230.77764126616,43042.1870529035,43120.93541597695,16.126186369678862
42821.52018528348,42829.05262025193,42783.604310539165,42791.32617470372,96.73941403563582
42798.62321862792,42919.285854982874,42842.00225032279,42851.068906702116,34.09277701958984
43146.056432030855,43189.75962711272,43015.78478909732,43033.19804114811,88.8996863342817
43030.148505489735,43099.67532430079,42955.7323730934,43027.22681682084,7.2274533399889425
43009.28696460645,43083.88440109142,42999.247438692415,43003.59265994752,14.377107202164963
42970.7773636639,42977.32201156727,42972.65744328771,42975.05511753283,44.13958707066089
42767.97155476376,42881.967348425635,42712.785463887834,42729.527833450746,4.767202665257009
42799.85994659646,42740.166640917494,42698.95037348232,42737.15331026973,26.95136551154488
42914.21136571396,42846.16965342575,42836.435398352376,42839.69681496421,59.88365155628974
42846.94189098,42925.89157549327,42725.25174895013,42853.416660460345,13.162891996552805
42794.32728226096,42940.42241450023,42769.988878652715,42798.96144023133,12.446804237521803
42726.9573543918,42758.00086753673,42641.546937742016,42701.01643575672,40.11865799120755
42684.393403139504,42719.31220699701,42640.85141448594,42645.157101901044,10.312033743059445
42946.920589898444,42901.93384051368,42859.21087761959,42896.70594540025,65.28411296965876
42482.91642768802,42515.35340716376,42478.167124583015,42479.37894951615,79.04256105147233
42564.2431063545,42686.990927741375,42311.04495559606,42487.3932408257,47.3839177725075
42465.89989483488,42510.464339283884,42286.737519840564,42421.84225736642,6.530432758790317
42758.213726259535,42734.73051620312,42594.18882617019,42713.00384773379,61.230719156257194
42688.900950427575,42888.66166520155,42674.95059219987,42724.10229282255,23.98344739220861
42961.13439832607,43045.37639484087,43020.994012808966,43021.08741256254,38.00347837906247
42504.42586624423,42636.39287998022,42407.17349425191,42596.30940895343,19.27795958451628
42621.88471083002,42790.38237517841,42642.8609439886,42688.22638992024,64.04768667600277
42752.87865814536,42791.24039359328,42707.004340335625,42744.23796192778,81.89259644234187
43028.597347545045,43095.22290746873,42999.21868470283,43022.344755342565,85.8543053591017
42770.38460239646,42782.62514453991,42552.70569392428,42694.07503357796,77.18086713544105
42753.585480398324,42856.77001269921,42604.66281719161,42663.06787195429,54.66074850484151
42656.40292038342,42691.228325526456,42665.63567110514,42676.27992431159,55.582483998372446
42489.650383231805,42668.5092912309,42439.50055443047,42577.12082540255,20.300323146955268
42734.2424559285,42846.225854112075,42777.92450447767,42820.43636815114,1.5195031449017016
42819.109844665836,42763.58145815348,42561.94174560914,42752.69993106206,55.9249921523088
43150.110849776436,43309.193527392315,43131.378734464604,43159.65243986629,69.76543134432121
43413.24041742009,43418.4913873359,43220.96264061883,43370.48802165407,39.60225157209191
43553.473768958494,43743.532303993656,43530.8949413167,43560.65476105483,64.29243453773303
43689.05604064908,43751.32136078455,43597.903156248976,43672.51455733301,32.49952105037072
43453.039923058466,43603.838673447506,43427.531049186175,43459.7754391279,35.2909686709374
43403.46588406513,43388.503347481594,43232.729312348514,43373.55617162575,37.92679821869085
43533.28722629019,43566.969378303766,43473.502104011844,43488.10644499719,84.63664725425286
43581.37530451767,43742.99890077726,43608.129970715214,43623.617851714735,20.355135313287732
43914.9759279502,43936.82688494352,43859.27954533706,43885.05462073099,96.78738448655878
43811.42455432779,43813.81397646868,43770.78999278283,43791.56641880581,26.027519324993374
43629.42884037837,43673.97122964941,43552.062339738644,43619.53574182087,49.06756514024063
43854.18365316881,43856.2776331614,43739.739335605664,43791.35658037798,25.669876812326397
43651.357140033484,43684.151539570914,43555.154825401856,43629.43126516996,47.743106440797675
43837.721298084616,43975.36612547361,43777.48309492809,43804.093632384036,39.926648250927514
44072.23673190418,44112.77056992212,44037.08498258349,44044.04086766705,37.47792532617991
44132.9696252201,44206.05869070177,44086.66745363992,44135.27147483246,29.951391853773014
44159.105889420265,44065.94679205329,44011.30676525585,44063.75566843874,2.197287162501571
44049.030142061565,44130.693970069966,44024.66503977089,44071.972113667514,80.75780196418097
44215.47297001764,44254.950427484415,44014.430985634324,44190.66529758816,45.10007521424041
44166.058990126585,44251.337092422604,44102.791170482444,44192.70240133058,25.976065253667414
44618.567640182075,44677.04877557,44630.51843912861,44632.361669064674,18.823437206125515
44380.89761150364,44536.11604287483,44329.18696132207,44434.22748293924,15.790810282358148
44243.17917544397,44303.43473578646,44208.177110550045,44233.69376546529,94.90273364031785
44091.943885659595,44108.66621968024,43919.60544092639,44038.31468811822,59.669480483437276
43873.58039726272,43981.90078847923,43854.46298765949,43920.39870360918,26.242257918568455
43429.188795971415,43533.481458691014,43453.24811288064,43484.61239957019,26.124983635149622
43376.7307321319,43369.47850849552,43236.912616836584,43358.68231418216,99.34743752385027
43258.24636515734,43370.21573732448,43119.27882251412,43228.02537379658,64.46836988337571
43207.18755644815,43337.32912868585,43238.5742845884,43243.72817883142,16.32492837775098
43341.766595673704,43346.944019914736,43306.67531553549,43327.28829547264,79.68349610007253
43033.17166656266,43136.74381192782,43016.59232369629,43079.24502819108,43.6910031618852
43199.572351681534,43334.3041304692,43120.03919673369,43259.2558767439,66.89053719891366
43612.60328068248,43696.144525601085,43337.12727264618,43619.704322702004,58.77796067519371
43528.53211171852,43674.760009187325,43474.69157438113,43578.047302083,14.265577599900482
43841.67881777916,43993.97617045598,43812.05676564623,43892.92154957812,12.324878299429542
43893.62029987483,43973.38517315492,43823.706698406204,43932.71944845916,75.53094048622084
44406.24509041155,44378.8130047868,44299.399073431676,44330.46583217823,23.965577984063536
44559.946185582885,44721.16698407296,44537.59624027294,44553.92252531587,71.27999482821974
44254.371770742444,44303.349117999736,44195.107467037815,44241.141598347924,2.305591324955847
44268.77486895339,44330.96439952979,44111.452956521134,44244.86707248019,97.58813752739505
44518.62215485468,44624.831843641914,44404.186846307086,44455.73206746101,50.04902182781563
44506.239485243554,44530.88452660523,44412.84685121209,44461.84138366913,42.871188886375634
44410.29449800375,44597.353919935915,44424.13630161314,44454.46467750012,79.49816670801621
44690.012639220615,44809.0277981655,44463.117987983635,44708.41762756298,41.01563061437663
44583.72441574341,44568.92605705886,44379.08335720987,44566.446791133756,68.71593375031362
44575.36756299971,44620.074853418344,44563.13904475801,44569.9499137894,2.4047355624996825
44592.861886378654,44845.87702907323,44628.9523652705,44634.67506671122,91.76580538509552
44608.510021496666,44618.196571985776,44567.474746677166,44567.91687464051,54.81561302857428
44605.77397525839,44685.97194000689,44557.35515045588,44563.891053865,72.86294315027921
44653.13132984297,44855.38960646992,44695.5121005313,44718.89570650984,94.1747978621612
44823.68940424673,44892.5571198723,44691.54324481239,44805.46323080984,42.03108827422691
44544.04119082616,44743.10994799872,44642.679737502476,44643.71972441393,10.43123653430017
44343.65100463837,44488.521993349765,44370.80098758671,44422.89492725408,3.3740132753912744
44370.30762174565,44354.025846503326,44156.15237021284,44265.07449120275,47.32135629424833
44392.98009637096,44419.41747990136,44230.703848733225,44265.32418236045,57.53001675739792
44295.46953892189,44379.92765765983,44048.79550295817,44233.336224809034,35.18690493875473
44056.84539355232,44073.90358165949,43807.05250058602,44066.94472616561,48.80064067813896
43962.581223585024,44141.919585916905,43927.49246951176,43947.31463566232,12.675977957843577
43703.08611753955,43740.9449530759,43594.8887532359,43643.306778623904,16.18911762667975
43805.77267801308,43744.593353001495,43706.1746419754,43726.877519267364,90.35279820089782
43676.378162637615,43821.191087199935,43643.37506648704,43718.87377419704,17.703348928160068
43450.536798404195,43477.58835481118,43330.974279572736,43466.91630551599,53.727388018462406
43472.72388577124,43563.82853620795,43403.03320188156,43472.640406353545,32.81744103211641
43742.942979921674,43888.00150410206,43672.944669600714,43741.164808455615,94.91280084181142
43617.640215375555,43650.82550816842,43592.056222040934,43593.177637862565,9.755396225968727
43759.68026011006,43862.7357315406,43721.7291313104,43856.20517100676,23.021752938427664
43804.645912514476,43868.86495678615,43708.364436584256,43791.513676510076,29.92275729189615
43789.7826948377,43870.57412897627,43790.282128344224,43831.079310080044,36.12411795675268
43882.79282113359,43901.0184593433,43717.54908192927,43850.62947056448,9.645488846471018
44172.383208045525,44308.89006218626,44095.6742916547,44130.93415376553,15.467222941241744
44172.757652103784,44165.678167559636,44108.832448153604,44162.62092312264,86.55845617705592
43947.133963047585,44091.94946052888,43894.896196231755,43934.24063928187,48.07899093511235
43668.50583915956,43753.326775277514,43643.394738144874,43672.046565193625,15.993753525370424
